"","X","V1","V2","V3","V4","V5","V6","V7","V8","V9","V10","GT","GQ","FL","X4","X5","X6","INFO","INS","END","TYPE","Sample","subfamily","Class","map","length"
"1",2,"NC_044212.2",49461118,".","A","<INS:ME>","32",".","MEINFO=ltr-1_family-62#LTR_ERV1-TEs-hybrid,49461118,49461119,NA;NOT_VALIDATED;SVTYPE=INS","GT:GQ:FL:SP:CLIP5:CLIP3","1/1:32:8:4:12:9","1-Jan","32","8",4,12,9,"MEINFO=ltr-1_family-62.LTR_ERV1-TEs-hybrid","49461118","49461119","NA;NOT_VALIDATED;SVTYPE=INS","20","ltr-1_family-62","LTR",1,47789519
"2",9,"NC_044212.2",3785574,".","t","<INS:ME>","22",".","MEINFO=rnd-1_family-46#Unknown,3785574,3785575,NA;NOT_VALIDATED;SVTYPE=INS","GT:GQ:FL:SP:CLIP5:CLIP3","1/1:22:8:5:10:0","1-Jan","22","8",5,10,0,"MEINFO=rnd-1_family-46.Unknown","3785574","3785575","NA;NOT_VALIDATED;SVTYPE=INS","20","rnd-1_family-46","LTR",1,47789519
"3",2,"NC_044212.2",3785592,".","c","<INS:ME>","24",".","MEINFO=rnd-1_family-46#Unknown,3785592,3785593,NA;NOT_VALIDATED;SVTYPE=INS","GT:GQ:FL:SP:CLIP5:CLIP3","1/1:24:8:15:12:0","1-Jan","24","8",15,12,0,"MEINFO=rnd-1_family-46.Unknown","3785592","3785593","NA;NOT_VALIDATED;SVTYPE=INS","24","rnd-1_family-46","LTR",1,47789519
"4",1321,"NC_044212.2",16238777,".","T","<INS:ME>","42",".","MEINFO=ltr-1_family-3#LTR_ERVL-TEs-hybrid,16238777,16238778,NA;NOT_VALIDATED;SVTYPE=INS","GT:GQ:FL:SP:CLIP5:CLIP3","1/1:42:8:0:6:6","1-Jan","42","8",0,6,6,"MEINFO=ltr-1_family-3.LTR_ERVL-TEs-hybrid","16238777","16238778","NA;NOT_VALIDATED;SVTYPE=INS","24","ltr-1_family-3","LTR",1,47789519
"5",1325,"NC_044212.2",35109796,".","t","<INS:ME>","21",".","MEINFO=rnd-4_family-8527#LTR_ERV1-TEs-hybrid,35109796,35109797,NA;NOT_VALIDATED;SVTYPE=INS","GT:GQ:FL:SP:CLIP5:CLIP3","1/1:21:8:10:3:6","1-Jan","21","8",10,3,6,"MEINFO=rnd-4_family-8527.LTR_ERV1-TEs-hybrid","35109796","35109797","NA;NOT_VALIDATED;SVTYPE=INS","24","rnd-4_family-8527","LTR",1,47789519
"6",1330,"NC_044212.2",14798740,".","g","<INS:ME>","54",".","MEINFO=TEs-rnd-5_family-10137#LINE_CR1-hybrid,14798740,14798741,NA;NOT_VALIDATED;SVTYPE=INS","GT:GQ:FL:SP:CLIP5:CLIP3","1/1:54:8:15:18:23","1-Jan","54","8",15,18,23,"MEINFO=TEs-rnd-5_family-10137.LINE_CR1-hybrid","14798740","14798741","NA;NOT_VALIDATED;SVTYPE=INS","24","TEs-rnd-5_family-10137","LINE",1,47789519
"7",555,"NC_044212.2",412421,".","c","<INS:ME>","52",".","MEINFO=rnd-1_family-0#LINE_CR1,412421,412422,NA;NOT_VALIDATED;SVTYPE=INS","GT:GQ:FL:SP:CLIP5:CLIP3","1/1:52:8:9:14:21","1-Jan","52","8",9,14,21,"MEINFO=rnd-1_family-0.LINE_CR1","412421","412422","NA;NOT_VALIDATED;SVTYPE=INS","28","rnd-1_family-0","LINE",1,47789519
"8",1524,"NC_044212.2",64494275,".","G","<INS:ME>","37",".","MEINFO=ltr-1_family-70#LTR_ERV1,64494275,64494276,NA;NOT_VALIDATED;SVTYPE=INS","GT:GQ:FL:SP:CLIP5:CLIP3","1/1:37:8:0:13:9","1-Jan","37","8",0,13,9,"MEINFO=ltr-1_family-70.LTR_ERV1","64494275","64494276","NA;NOT_VALIDATED;SVTYPE=INS","29","ltr-1_family-70","LTR",1,47789519
"9",1526,"NC_044212.2",62556726,".","a","<INS:ME>","21",".","MEINFO=rnd-1_family-5#LINE_CR1,62556726,62556727,NA;NOT_VALIDATED;SVTYPE=INS","GT:GQ:FL:SP:CLIP5:CLIP3","1/1:21:8:4:2:6","1-Jan","21","8",4,2,6,"MEINFO=rnd-1_family-5.LINE_CR1","62556726","62556727","NA;NOT_VALIDATED;SVTYPE=INS","29","rnd-1_family-5","LINE",1,47789519
"10",1540,"NC_044212.2",27716250,".","g","<INS:ME>","18",".","MEINFO=rnd-5_family-9360#LINE_CR1-TEs-hybrid,27716250,27716251,NA;NOT_VALIDATED;SVTYPE=INS","GT:GQ:FL:SP:CLIP5:CLIP3","1/1:18:8:2:6:1","1-Jan","18","8",2,6,1,"MEINFO=rnd-5_family-9360.LINE_CR1-TEs-hybrid","27716250","27716251","NA;NOT_VALIDATED;SVTYPE=INS","29","rnd-5_family-9360","LINE",1,47789519
"11",2,"NC_044212.2",65434886,".","g","<INS:ME>","15",".","MEINFO=ltr-1_family-35#LTR_ERV1,65434886,65434887,NA;NOT_VALIDATED;SVTYPE=INS","GT:GQ:FL:SP:CLIP5:CLIP3","1/1:15:8:6:0:0","1-Jan","15","8",6,0,0,"MEINFO=ltr-1_family-35.LTR_ERV1","65434886","65434887","NA;NOT_VALIDATED;SVTYPE=INS","34","ltr-1_family-35","LTR",1,47789519
"12",15,"NC_044212.2",3785486,".","c","<INS:ME>","11",".","MEINFO=rnd-1_family-46#Unknown,3785486,3785487,NA;NOT_VALIDATED;SVTYPE=INS","GT:GQ:FL:SP:CLIP5:CLIP3","1/1:11:8:27:1:0","1-Jan","11","8",27,1,0,"MEINFO=rnd-1_family-46.Unknown","3785486","3785487","NA;NOT_VALIDATED;SVTYPE=INS","38","rnd-1_family-46","LTR",1,47789519
"13",24,"NC_044212.2",65434989,".","g","<INS:ME>","14",".","MEINFO=ltr-1_family-35#LTR_ERV1,65434989,65434990,NA;NOT_VALIDATED;SVTYPE=INS","GT:GQ:FL:SP:CLIP5:CLIP3","1/1:14:8:3:0:0","1-Jan","14","8",3,0,0,"MEINFO=ltr-1_family-35.LTR_ERV1","65434989","65434990","NA;NOT_VALIDATED;SVTYPE=INS","38","ltr-1_family-35","LTR",1,47789519
"14",32,"NC_044212.2",8974953,".","C","<INS:ME>","53",".","MEINFO=rnd-4_family-1793#LTR_ERVL-TEs-hybrid,8974953,8974954,NA;NOT_VALIDATED;SVTYPE=INS","GT:GQ:FL:SP:CLIP5:CLIP3","1/1:53:8:3:19:24","1-Jan","53","8",3,19,24,"MEINFO=rnd-4_family-1793.LTR_ERVL-TEs-hybrid","8974953","8974954","NA;NOT_VALIDATED;SVTYPE=INS","38","rnd-4_family-1793","LTR",1,47789519
"15",34,"NC_044212.2",70288776,".","T","<INS:ME>","32",".","MEINFO=TEs-rnd-5_family-2061#LTR_ERV1-hybrid,70288776,70288777,NA;NOT_VALIDATED;SVTYPE=INS","GT:GQ:FL:SP:CLIP5:CLIP3","1/1:32:8:0:8:9","1-Jan","32","8",0,8,9,"MEINFO=TEs-rnd-5_family-2061.LTR_ERV1-hybrid","70288776","70288777","NA;NOT_VALIDATED;SVTYPE=INS","38","TEs-rnd-5_family-2061","LTR",1,47789519
"16",4,"NC_044212.2",1195337,".","a","<INS:ME>","19",".","MEINFO=rnd-1_family-0#LINE_CR1,1195337,1195338,NA;NOT_VALIDATED;SVTYPE=INS","GT:GQ:FL:SP:CLIP5:CLIP3","1/1:19:8:20:1:3","1-Jan","19","8",20,1,3,"MEINFO=rnd-1_family-0.LINE_CR1","1195337","1195338","NA;NOT_VALIDATED;SVTYPE=INS","39","rnd-1_family-0","LINE",1,47789519
"17",12,"NC_044212.2",2226896,".","a","<INS:ME>","24",".","MEINFO=rnd-1_family-46#Unknown,2226896,2226897,NA;NOT_VALIDATED;SVTYPE=INS","GT:GQ:FL:SP:CLIP5:CLIP3","1/1:24:8:15:6:2","1-Jan","24","8",15,6,2,"MEINFO=rnd-1_family-46.Unknown","2226896","2226897","NA;NOT_VALIDATED;SVTYPE=INS","39","rnd-1_family-46","LTR",1,47789519
"18",13,"NC_044212.2",3498735,".","c","<INS:ME>","27",".","MEINFO=rnd-1_family-46#Unknown,3498735,3498736,NA;NOT_VALIDATED;SVTYPE=INS","GT:GQ:FL:SP:CLIP5:CLIP3","1/1:27:8:6:0:2","1-Jan","27","8",6,0,2,"MEINFO=rnd-1_family-46.Unknown","3498735","3498736","NA;NOT_VALIDATED;SVTYPE=INS","39","rnd-1_family-46","LTR",1,47789519
"19",29,"NC_044212.2",47617166,".","T","<INS:ME>","39",".","MEINFO=TEs-ltr-1_family-4#LTR_ERVL-hybrid,47617166,47617167,NA;NOT_VALIDATED;SVTYPE=INS","GT:GQ:FL:SP:CLIP5:CLIP3","1/1:39:8:0:11:9","1-Jan","39","8",0,11,9,"MEINFO=TEs-ltr-1_family-4.LTR_ERVL-hybrid","47617166","47617167","NA;NOT_VALIDATED;SVTYPE=INS","39","TEs-ltr-1_family-4","LTR",1,47789519
"20",5,"NC_044212.2",51163067,".","a","<INS:ME>","18",".","MEINFO=rnd-4_family-284#Unknown,51163067,51163068,NA;NOT_VALIDATED;SVTYPE=INS","GT:GQ:FL:SP:CLIP5:CLIP3","1/1:18:8:13:3:3","1-Jan","18","8",13,3,3,"MEINFO=rnd-4_family-284.Unknown","51163067","51163068","NA;NOT_VALIDATED;SVTYPE=INS","40","rnd-4_family-284","Unknown",1,47789519
"21",6,"NC_044212.2",14657122,".","G","<INS:ME>","43",".","MEINFO=ltr-1_family-22#LTR_ERVK,14657122,14657123,NA;NOT_VALIDATED;SVTYPE=INS","GT:GQ:FL:SP:CLIP5:CLIP3","1/1:43:8:5:1:6","1-Jan","43","8",5,1,6,"MEINFO=ltr-1_family-22.LTR_ERVK","14657122","14657123","NA;NOT_VALIDATED;SVTYPE=INS","40","ltr-1_family-22","LTR",1,47789519
"22",12,"NC_044212.2",9706528,".","T","<INS:ME>","43",".","MEINFO=ltr-1_family-34#LTR_ERV1-ltr-1_family-53#LTR_ERV-hybrid,9706528,9706529,NA;NOT_VALIDATED;SVTYPE=INS","GT:GQ:FL:SP:CLIP5:CLIP3","1/1:43:8:0:8:18","1-Jan","43","8",0,8,18,"MEINFO=ltr-1_family-34.LTR_ERV1-ltr-1_family-53.LTR_ERV-hybrid","9706528","9706529","NA;NOT_VALIDATED;SVTYPE=INS","40","ltr-1_family-34","LTR",1,47789519
"23",14,"NC_044212.2",36166889,".","a","<INS:ME>","29",".","MEINFO=ltr-1_family-38#SINE_5S-Deu-L2-TEs-hybrid,36166889,36166890,NA;NOT_VALIDATED;SVTYPE=INS","GT:GQ:FL:SP:CLIP5:CLIP3","1/1:29:8:13:0:5","1-Jan","29","8",13,0,5,"MEINFO=ltr-1_family-38.SINE_5S-Deu-L2-TEs-hybrid","36166889","36166890","NA;NOT_VALIDATED;SVTYPE=INS","40","ltr-1_family-38","SINE",1,47789519
"24",15,"NC_044212.2",49461107,".","C","<INS:ME>","33",".","MEINFO=ltr-1_family-62#LTR_ERV1-TEs-hybrid,49461107,49461108,NA;NOT_VALIDATED;SVTYPE=INS","GT:GQ:FL:SP:CLIP5:CLIP3","1/1:33:8:0:10:10","1-Jan","33","8",0,10,10,"MEINFO=ltr-1_family-62.LTR_ERV1-TEs-hybrid","49461107","49461108","NA;NOT_VALIDATED;SVTYPE=INS","40","ltr-1_family-62","LTR",1,47789519
"25",23,"NC_044212.2",32593322,".","A","<INS:ME>","24",".","MEINFO=TEs-rnd-1_family-51#LTR_ERVL-hybrid,32593322,32593323,NA;NOT_VALIDATED;SVTYPE=INS","GT:GQ:FL:SP:CLIP5:CLIP3","1/1:24:8:1:9:3","1-Jan","24","8",1,9,3,"MEINFO=TEs-rnd-1_family-51.LTR_ERVL-hybrid","32593322","32593323","NA;NOT_VALIDATED;SVTYPE=INS","40","TEs-rnd-1_family-51","LTR",1,47789519
"26",318,"NC_044212.2",17234391,".","T","<INS:ME>","25",".","MEINFO=rnd-4_family-571#LTR_ERVK,17234391,17234392,NA;NOT_VALIDATED;SVTYPE=INS","GT:GQ:FL:SP:CLIP5:CLIP3","1/1:25:8:20:3:2","1-Jan","25","8",20,3,2,"MEINFO=rnd-4_family-571.LTR_ERVK","17234391","17234392","NA;NOT_VALIDATED;SVTYPE=INS","43","rnd-4_family-571","LTR",1,47789519
"27",1174,"NC_044212.2",46496337,".","C","<INS:ME>","63",".","MEINFO=ltr-1_family-44#LTR_ERVK-rnd-5_family-9360#LINE_CR1-hybrid,46496337,46496338,NA;NOT_VALIDATED;SVTYPE=INS","GT:GQ:FL:SP:CLIP5:CLIP3","1/1:63:8:0:24:21","1-Jan","63","8",0,24,21,"MEINFO=ltr-1_family-44.LTR_ERVK-rnd-5_family-9360.LINE_CR1-hybrid","46496337","46496338","NA;NOT_VALIDATED;SVTYPE=INS","44","ltr-1_family-44","LINE",1,47789519
"28",1182,"NC_044212.2",70288766,".","A","<INS:ME>","30",".","MEINFO=TEs-rnd-5_family-715#LINE_L1-hybrid,70288766,70288767,NA;NOT_VALIDATED;SVTYPE=INS","GT:GQ:FL:SP:CLIP5:CLIP3","1/1:30:8:0:7:8","1-Jan","30","8",0,7,8,"MEINFO=TEs-rnd-5_family-715.LINE_L1-hybrid","70288766","70288767","NA;NOT_VALIDATED;SVTYPE=INS","44","TEs-rnd-5_family-715","LTR",1,47789519
"29",1,"NC_044212.2",64494261,".","T","<INS:ME>","26",".","MEINFO=ltr-1_family-70#LTR_ERV1,64494261,64494262,NA;NOT_VALIDATED;SVTYPE=INS","GT:GQ:FL:SP:CLIP5:CLIP3","1/1:26:8:1:13:2","1-Jan","26","8",1,13,2,"MEINFO=ltr-1_family-70.LTR_ERV1","64494261","64494262","NA;NOT_VALIDATED;SVTYPE=INS","47","ltr-1_family-70","LTR",1,47789519
"30",2198,"NC_044212.2",62564064,".","a","<INS:ME>","16",".","MEINFO=rnd-1_family-17#LINE_CR1-TEs-hybrid,62564064,62564065,NA;NOT_VALIDATED;SVTYPE=INS","GT:GQ:FL:SP:CLIP5:CLIP3","1/1:16:8:3:0:3","1-Jan","16","8",3,0,3,"MEINFO=rnd-1_family-17.LINE_CR1-TEs-hybrid","62564064","62564065","NA;NOT_VALIDATED;SVTYPE=INS","54","rnd-1_family-17","LINE",1,47789519
"31",2203,"NC_044212.2",32119821,".","t","<INS:ME>","44",".","MEINFO=rnd-4_family-284#Unknown-TEs-hybrid,32119821,32119822,NA;NOT_VALIDATED;SVTYPE=INS","GT:GQ:FL:SP:CLIP5:CLIP3","1/1:44:8:0:13:8","1-Jan","44","8",0,13,8,"MEINFO=rnd-4_family-284.Unknown-TEs-hybrid","32119821","32119822","NA;NOT_VALIDATED;SVTYPE=INS","54","rnd-4_family-284","Unknown",1,47789519
"32",2208,"NC_044212.2",27063225,".","C","<INS:ME>","47",".","MEINFO=TEs-rnd-5_family-1505#SINE_MIR-hybrid,27063225,27063226,NA;NOT_VALIDATED;SVTYPE=INS","GT:GQ:FL:SP:CLIP5:CLIP3","1/1:47:8:0:20:8","1-Jan","47","8",0,20,8,"MEINFO=TEs-rnd-5_family-1505.SINE_MIR-hybrid","27063225","27063226","NA;NOT_VALIDATED;SVTYPE=INS","54","TEs-rnd-5_family-1505","SINE",1,47789519
"33",1,"NC_044212.2",66081045,".","a","<INS:ME>","22",".","MEINFO=ltr-1_family-35#LTR_ERV1,66081045,66081046,NA;NOT_VALIDATED;SVTYPE=INS","GT:GQ:FL:SP:CLIP5:CLIP3","1/1:22:8:6:3:6","1-Jan","22","8",6,3,6,"MEINFO=ltr-1_family-35.LTR_ERV1","66081045","66081046","NA;NOT_VALIDATED;SVTYPE=INS","55","ltr-1_family-35","LTR",1,47789519
"34",6,"NC_044212.2",49461116,".","T","<INS:ME>","29",".","MEINFO=ltr-1_family-62#LTR_ERV1-TEs-hybrid,49461116,49461117,NA;NOT_VALIDATED;SVTYPE=INS","GT:GQ:FL:SP:CLIP5:CLIP3","1/1:29:8:0:10:7","1-Jan","29","8",0,10,7,"MEINFO=ltr-1_family-62.LTR_ERV1-TEs-hybrid","49461116","49461117","NA;NOT_VALIDATED;SVTYPE=INS","56","ltr-1_family-62","LTR",1,47789519
"35",11,"NC_044212.2",32119822,".","a","<INS:ME>","36",".","MEINFO=rnd-4_family-284#Unknown-TEs-hybrid,32119822,32119823,NA;NOT_VALIDATED;SVTYPE=INS","GT:GQ:FL:SP:CLIP5:CLIP3","1/1:36:8:0:9:11","1-Jan","36","8",0,9,11,"MEINFO=rnd-4_family-284.Unknown-TEs-hybrid","32119822","32119823","NA;NOT_VALIDATED;SVTYPE=INS","56","rnd-4_family-284","Unknown",1,47789519
"36",16,"NC_044212.2",70288775,".","A","<INS:ME>","46",".","MEINFO=TEs-rnd-5_family-2061#LTR_ERV1-hybrid,70288775,70288776,NA;NOT_VALIDATED;SVTYPE=INS","GT:GQ:FL:SP:CLIP5:CLIP3","1/1:46:8:0:17:13","1-Jan","46","8",0,17,13,"MEINFO=TEs-rnd-5_family-2061.LTR_ERV1-hybrid","70288775","70288776","NA;NOT_VALIDATED;SVTYPE=INS","56","TEs-rnd-5_family-2061","LTR",1,47789519
"37",1204,"NC_044212.2",8390033,".","A","<INS:ME>","36",".","MEINFO=rnd-5_family-10137#LINE_CR1,8390033,8390034,NA;NOT_VALIDATED;SVTYPE=INS","GT:GQ:FL:SP:CLIP5:CLIP3","1/1:36:8:0:15:4","1-Jan","36","8",0,15,4,"MEINFO=rnd-5_family-10137.LINE_CR1","8390033","8390034","NA;NOT_VALIDATED;SVTYPE=INS","56","rnd-5_family-10137","LINE",1,47789519
"38",1215,"NC_044212.2",2223934,".","t","<INS:ME>","18",".","MEINFO=rnd-5_family-9736#Unknown,2223934,2223935,NA;NOT_VALIDATED;SVTYPE=INS","GT:GQ:FL:SP:CLIP5:CLIP3","1/1:18:8:4:0:0","1-Jan","18","8",4,0,0,"MEINFO=rnd-5_family-9736.Unknown","2223934","2223935","NA;NOT_VALIDATED;SVTYPE=INS","56","rnd-5_family-9736","Unknown",1,47789519
"39",3,"NC_044212.2",3994267,".","a","<INS:ME>","28",".","MEINFO=rnd-1_family-46#Unknown,3994267,3994268,NA;NOT_VALIDATED;SVTYPE=INS","GT:GQ:FL:SP:CLIP5:CLIP3","1/1:28:8:14:6:8","1-Jan","28","8",14,6,8,"MEINFO=rnd-1_family-46.Unknown","3994267","3994268","NA;NOT_VALIDATED;SVTYPE=INS","57","rnd-1_family-46","LTR",1,47789519
"40",18,"NC_044212.2",49461118,".","A","<INS:ME>","48",".","MEINFO=ltr-1_family-62#LTR_ERV1-TEs-hybrid,49461118,49461119,NA;NOT_VALIDATED;SVTYPE=INS","GT:GQ:FL:SP:CLIP5:CLIP3","1/1:48:8:4:22:10","1-Jan","48","8",4,22,10,"MEINFO=ltr-1_family-62.LTR_ERV1-TEs-hybrid","49461118","49461119","NA;NOT_VALIDATED;SVTYPE=INS","57","ltr-1_family-62","LTR",1,47789519
"41",31,"NC_044212.2",70597566,".","A","<INS:ME>","51",".","MEINFO=TEs-ltr-1_family-47#LINE_CR1-hybrid,70597566,70597567,NA;NOT_VALIDATED;SVTYPE=INS","GT:GQ:FL:SP:CLIP5:CLIP3","1/1:51:8:0:33:0","1-Jan","51","8",0,33,0,"MEINFO=TEs-ltr-1_family-47.LINE_CR1-hybrid","70597566","70597567","NA;NOT_VALIDATED;SVTYPE=INS","57","TEs-ltr-1_family-47","LINE",1,47789519
"42",61,"NC_044212.2",17234305,".","C","<INS:ME>","37",".","MEINFO=rnd-4_family-571#LTR_ERVK,17234305,17234306,NA;NOT_VALIDATED;SVTYPE=INS","GT:GQ:FL:SP:CLIP5:CLIP3","1/1:37:8:12:9:3","1-Jan","37","8",12,9,3,"MEINFO=rnd-4_family-571.LTR_ERVK","17234305","17234306","NA;NOT_VALIDATED;SVTYPE=INS","57","rnd-4_family-571","LTR",1,47789519
"43",1951,"NC_044212.2",66081017,".","a","<INS:ME>","32",".","MEINFO=ltr-1_family-35#LTR_ERV1,66081017,66081018,NA;NOT_VALIDATED;SVTYPE=INS","GT:GQ:FL:SP:CLIP5:CLIP3","1/1:32:8:11:7:8","1-Jan","32","8",11,7,8,"MEINFO=ltr-1_family-35.LTR_ERV1","66081017","66081018","NA;NOT_VALIDATED;SVTYPE=INS","57","ltr-1_family-35","LTR",1,47789519
"44",1959,"NC_044212.2",2353312,".","g","<INS:ME>","19",".","MEINFO=rnd-1_family-105#Unknown,2353312,2353313,NA;NOT_VALIDATED;SVTYPE=INS","GT:GQ:FL:SP:CLIP5:CLIP3","1/1:19:8:4:6:3","1-Jan","19","8",4,6,3,"MEINFO=rnd-1_family-105.Unknown","2353312","2353313","NA;NOT_VALIDATED;SVTYPE=INS","57","rnd-1_family-105","LTR",1,47789519
"45",11,"NC_044212.2",46496337,".","C","<INS:ME>","47",".","MEINFO=ltr-1_family-44#LTR_ERVK-rnd-5_family-9360#LINE_CR1-hybrid,46496337,46496338,NA;NOT_VALIDATED;SVTYPE=INS","GT:GQ:FL:SP:CLIP5:CLIP3","1/1:47:8:0:15:18","1-Jan","47","8",0,15,18,"MEINFO=ltr-1_family-44.LTR_ERVK-rnd-5_family-9360.LINE_CR1-hybrid","46496337","46496338","NA;NOT_VALIDATED;SVTYPE=INS","58","ltr-1_family-44","LINE",1,47789519
"46",12,"NC_044212.2",60941440,".","G","<INS:ME>","34",".","MEINFO=rnd-3_family-350#LTR_ERVL-TEs-hybrid,60941440,60941441,NA;NOT_VALIDATED;SVTYPE=INS","GT:GQ:FL:SP:CLIP5:CLIP3","1/1:34:8:0:6:10","1-Jan","34","8",0,6,10,"MEINFO=rnd-3_family-350.LTR_ERVL-TEs-hybrid","60941440","60941441","NA;NOT_VALIDATED;SVTYPE=INS","58","rnd-3_family-350","LTR",1,47789519
"47",1016,"NC_044212.2",66080866,".","t","<INS:ME>","30",".","MEINFO=ltr-1_family-35#LTR_ERV1,66080866,66080867,NA;NOT_VALIDATED;SVTYPE=INS","GT:GQ:FL:SP:CLIP5:CLIP3","1/1:30:8:11:10:7","1-Jan","30","8",11,10,7,"MEINFO=ltr-1_family-35.LTR_ERV1","66080866","66080867","NA;NOT_VALIDATED;SVTYPE=INS","59","ltr-1_family-35","LTR",1,47789519
"48",18,"NC_044212.2",66081015,".","g","<INS:ME>","25",".","MEINFO=ltr-1_family-35#LTR_ERV1,66081015,66081016,NA;NOT_VALIDATED;SVTYPE=INS","GT:GQ:FL:SP:CLIP5:CLIP3","1/1:25:8:3:7:6","1-Jan","25","8",3,7,6,"MEINFO=ltr-1_family-35.LTR_ERV1","66081015","66081016","NA;NOT_VALIDATED;SVTYPE=INS","62","ltr-1_family-35","LTR",1,47789519
"49",13,"NC_044212.2",3498922,".","t","<INS:ME>","28",".","MEINFO=rnd-1_family-46#Unknown,3498922,3498923,NA;NOT_VALIDATED;SVTYPE=INS","GT:GQ:FL:SP:CLIP5:CLIP3","1/1:28:8:4:3:12","1-Jan","28","8",4,3,12,"MEINFO=rnd-1_family-46.Unknown","3498922","3498923","NA;NOT_VALIDATED;SVTYPE=INS","66","rnd-1_family-46","LTR",1,47789519
"50",1485,"NC_044212.2",66246894,".","c","<INS:ME>","31",".","MEINFO=ltr-1_family-35#LTR_ERV1,66246894,66246895,NA;NOT_VALIDATED;SVTYPE=INS","GT:GQ:FL:SP:CLIP5:CLIP3","1/1:31:8:20:12:8","1-Jan","31","8",20,12,8,"MEINFO=ltr-1_family-35.LTR_ERV1","66246894","66246895","NA;NOT_VALIDATED;SVTYPE=INS","73","ltr-1_family-35","LTR",1,47789519
"51",1494,"NC_044212.2",1739305,".","A","<INS:ME>","18",".","MEINFO=rnd-1_family-46#Unknown-TEs-hybrid,1739305,1739306,NA;NOT_VALIDATED;SVTYPE=INS","GT:GQ:FL:SP:CLIP5:CLIP3","1/1:18:8:10:3:1","1-Jan","18","8",10,3,1,"MEINFO=rnd-1_family-46.Unknown-TEs-hybrid","1739305","1739306","NA;NOT_VALIDATED;SVTYPE=INS","73","rnd-1_family-46","LTR",1,47789519
"52",1526,"NC_044212.2",70445447,".","C","<INS:ME>","46",".","MEINFO=ltr-1_family-12#LTR_ERVK,70445447,70445448,NA;NOT_VALIDATED;SVTYPE=INS","GT:GQ:FL:SP:CLIP5:CLIP3","1/1:46:8:0:12:16","1-Jan","46","8",0,12,16,"MEINFO=ltr-1_family-12.LTR_ERVK","70445447","70445448","NA;NOT_VALIDATED;SVTYPE=INS","73","ltr-1_family-12","LTR",1,47789519
"53",1540,"NC_044212.2",64494266,".","T","<INS:ME>","34",".","MEINFO=ltr-1_family-70#LTR_ERV1,64494266,64494267,NA;NOT_VALIDATED;SVTYPE=INS","GT:GQ:FL:SP:CLIP5:CLIP3","1/1:34:8:2:11:11","1-Jan","34","8",2,11,11,"MEINFO=ltr-1_family-70.LTR_ERV1","64494266","64494267","NA;NOT_VALIDATED;SVTYPE=INS","73","ltr-1_family-70","LTR",1,47789519
"54",1542,"NC_044212.2",1656573,".","c","<INS:ME>","36",".","MEINFO=rnd-1_family-60#LTR_ERVK,1656573,1656574,NA;NOT_VALIDATED;SVTYPE=INS","GT:GQ:FL:SP:CLIP5:CLIP3","1/1:36:8:9:3:2","1-Jan","36","8",9,3,2,"MEINFO=rnd-1_family-60.LTR_ERVK","1656573","1656574","NA;NOT_VALIDATED;SVTYPE=INS","73","rnd-1_family-60","LTR",1,47789519
"55",5,"NC_044212.2",66081017,".","a","<INS:ME>","35",".","MEINFO=ltr-1_family-35#LTR_ERV1,66081017,66081018,NA;NOT_VALIDATED;SVTYPE=INS","GT:GQ:FL:SP:CLIP5:CLIP3","1/1:35:8:9:6:11","1-Jan","35","8",9,6,11,"MEINFO=ltr-1_family-35.LTR_ERV1","66081017","66081018","NA;NOT_VALIDATED;SVTYPE=INS","74","ltr-1_family-35","LTR",1,47789519
"56",23,"NC_044212.2",1573676,".","A","<INS:ME>","48",".","MEINFO=rnd-5_family-9736#Unknown,1573676,1573677,NA;NOT_VALIDATED;SVTYPE=INS","GT:GQ:FL:SP:CLIP5:CLIP3","1/1:48:8:21:14:18","1-Jan","48","8",21,14,18,"MEINFO=rnd-5_family-9736.Unknown","1573676","1573677","NA;NOT_VALIDATED;SVTYPE=INS","74","rnd-5_family-9736","Unknown",1,47789519
"57",9,"NC_044212.2",27716189,".","g","<INS:ME>","41",".","MEINFO=rnd-5_family-9360#LINE_CR1-TEs-hybrid,27716189,27716190,NA;NOT_VALIDATED;SVTYPE=INS","GT:GQ:FL:SP:CLIP5:CLIP3","1/1:41:8:0:14:2","1-Jan","41","8",0,14,2,"MEINFO=rnd-5_family-9360.LINE_CR1-TEs-hybrid","27716189","27716190","NA;NOT_VALIDATED;SVTYPE=INS","75","rnd-5_family-9360","LINE",1,47789519
"58",6,"NC_044212.2",49461114,".","C","<INS:ME>","45",".","MEINFO=ltr-1_family-62#LTR_ERV1-TEs-hybrid,49461114,49461115,NA;NOT_VALIDATED;SVTYPE=INS","GT:GQ:FL:SP:CLIP5:CLIP3","1/1:45:8:1:18:11","1-Jan","45","8",1,18,11,"MEINFO=ltr-1_family-62.LTR_ERV1-TEs-hybrid","49461114","49461115","NA;NOT_VALIDATED;SVTYPE=INS","76","ltr-1_family-62","LTR",1,47789519
"59",1537,"NC_044212.2",2168805,".","c","<INS:ME>","25",".","MEINFO=rnd-1_family-46#Unknown,2168805,2168806,NA;NOT_VALIDATED;SVTYPE=INS","GT:GQ:FL:SP:CLIP5:CLIP3","1/1:25:8:5:3:2","1-Jan","25","8",5,3,2,"MEINFO=rnd-1_family-46.Unknown","2168805","2168806","NA;NOT_VALIDATED;SVTYPE=INS","76","rnd-1_family-46","LTR",1,47789519
"60",1552,"NC_044212.2",5141848,".","A","<INS:ME>","37",".","MEINFO=ltr-1_family-95#LTR_ERVK,5141848,5141849,NA;NOT_VALIDATED;SVTYPE=INS","GT:GQ:FL:SP:CLIP5:CLIP3","1/1:37:8:22:14:7","1-Jan","37","8",22,14,7,"MEINFO=ltr-1_family-95.LTR_ERVK","5141848","5141849","NA;NOT_VALIDATED;SVTYPE=INS","76","ltr-1_family-95","LTR",1,47789519
"61",1561,"NC_044212.2",7357828,".","G","<INS:ME>","61",".","MEINFO=rnd-5_family-14218#Unknown,7357828,7357829,NA;NOT_VALIDATED;SVTYPE=INS","GT:GQ:FL:SP:CLIP5:CLIP3","1/1:61:8:5:21:29","1-Jan","61","8",5,21,29,"MEINFO=rnd-5_family-14218.Unknown","7357828","7357829","NA;NOT_VALIDATED;SVTYPE=INS","76","rnd-5_family-14218","LTR",1,47789519
"62",18,"NC_044212.2",66081003,".","g","<INS:ME>","25",".","MEINFO=ltr-1_family-35#LTR_ERV1,66081003,66081004,NA;NOT_VALIDATED;SVTYPE=INS","GT:GQ:FL:SP:CLIP5:CLIP3","1/1:25:8:11:3:12","1-Jan","25","8",11,3,12,"MEINFO=ltr-1_family-35.LTR_ERV1","66081003","66081004","NA;NOT_VALIDATED;SVTYPE=INS","77","ltr-1_family-35","LTR",1,47789519
"63",827,"NC_044212.2",14657134,".","T","<INS:ME>","24",".","MEINFO=rnd-5_family-9360#LINE_CR1,14657134,14657135,NA;NOT_VALIDATED;SVTYPE=INS","GT:GQ:FL:SP:CLIP5:CLIP3","1/1:24:8:5:2:5","1-Jan","24","8",5,2,5,"MEINFO=rnd-5_family-9360.LINE_CR1","14657134","14657135","NA;NOT_VALIDATED;SVTYPE=INS","77","rnd-5_family-9360","LINE",1,47789519
"64",2,"NC_044212.2",64494275,".","G","<INS:ME>","36",".","MEINFO=ltr-1_family-70#LTR_ERV1,64494275,64494276,NA;NOT_VALIDATED;SVTYPE=INS","GT:GQ:FL:SP:CLIP5:CLIP3","1/1:36:8:0:11:13","1-Jan","36","8",0,11,13,"MEINFO=ltr-1_family-70.LTR_ERV1","64494275","64494276","NA;NOT_VALIDATED;SVTYPE=INS","78","ltr-1_family-70","LTR",1,47789519
"65",1196,"NC_044212.2",8390032,".","C","<INS:ME>","59",".","MEINFO=ltr-1_family-101#LTR_ERV,8390032,8390033,NA;NOT_VALIDATED;SVTYPE=INS","GT:GQ:FL:SP:CLIP5:CLIP3","1/1:59:8:0:14:22","1-Jan","59","8",0,14,22,"MEINFO=ltr-1_family-101.LTR_ERV","8390032","8390033","NA;NOT_VALIDATED;SVTYPE=INS","78","ltr-1_family-101","LTR",1,47789519
"66",288,"NC_044212.2",1738782,".","t","<INS:ME>","20",".","MEINFO=rnd-1_family-105#Unknown,1738782,1738783,NA;NOT_VALIDATED;SVTYPE=INS","GT:GQ:FL:SP:CLIP5:CLIP3","1/1:20:8:2:3:2","1-Jan","20","8",2,3,2,"MEINFO=rnd-1_family-105.Unknown","1738782","1738783","NA;NOT_VALIDATED;SVTYPE=INS","82","rnd-1_family-105","LTR",1,47789519
"67",9,"NC_044212.2",2223802,".","T","<INS:ME>","14",".","MEINFO=rnd-5_family-9736#Unknown,2223802,2223803,NA;NOT_VALIDATED;SVTYPE=INS","GT:GQ:FL:SP:CLIP5:CLIP3","1/1:14:8:15:1:1","1-Jan","14","8",15,1,1,"MEINFO=rnd-5_family-9736.Unknown","2223802","2223803","NA;NOT_VALIDATED;SVTYPE=INS","83","rnd-5_family-9736","Unknown",1,47789519
"68",13,"NC_044214.2",6047142,".","G","<INS:ME>","47",".","MEINFO=rnd-5_family-4953#Unknown,6047142,6047143,NA;NOT_VALIDATED;SVTYPE=INS","GT:GQ:FL:SP:CLIP5:CLIP3","1/1:47:8:7:20:13","1-Jan","47","8",7,20,13,"MEINFO=rnd-5_family-4953.Unknown","6047142","6047143","NA;NOT_VALIDATED;SVTYPE=INS","24","rnd-5_family-4953","LINE",1,75433833
"69",16,"NC_044214.2",109139167,".","G","<INS:ME>","15",".","MEINFO=rnd-5_family-26582#LTR_ERVL,109139167,109139168,NA;NOT_VALIDATED;SVTYPE=INS","GT:GQ:FL:SP:CLIP5:CLIP3","1/1:15:8:16:0:5","1-Jan","15","8",16,0,5,"MEINFO=rnd-5_family-26582.LTR_ERVL","109139167","109139168","NA;NOT_VALIDATED;SVTYPE=INS","24","rnd-5_family-26582","LTR",1,75433833
"70",2,"NC_044214.2",30465636,".","T","<INS:ME>","34",".","MEINFO=ltr-1_family-3#LTR_ERVL-ltr-1_family-44#LTR_ERVK-hybrid,30465636,30465637,NA;NOT_VALIDATED;SVTYPE=INS","GT:GQ:FL:SP:CLIP5:CLIP3","1/1:34:8:0:12:10","1-Jan","34","8",0,12,10,"MEINFO=ltr-1_family-3.LTR_ERVL-ltr-1_family-44.LTR_ERVK-hybrid","30465636","30465637","NA;NOT_VALIDATED;SVTYPE=INS","25","ltr-1_family-3","LTR",1,75433833
"71",692,"NC_044214.2",42808002,".","g","<INS:ME>","32",".","MEINFO=ltr-1_family-40#LTR_ERVK,42808002,42808003,NA;NOT_VALIDATED;SVTYPE=INS","GT:GQ:FL:SP:CLIP5:CLIP3","1/1:32:8:1:12:5","1-Jan","32","8",1,12,5,"MEINFO=ltr-1_family-40.LTR_ERVK","42808002","42808003","NA;NOT_VALIDATED;SVTYPE=INS","27","ltr-1_family-40","LTR",1,75433833
"72",1527,"NC_044214.2",3108620,".","A","<INS:ME>","40",".","MEINFO=rnd-1_family-12#LINE_CR1,3108620,3108621,NA;NOT_VALIDATED;SVTYPE=INS","GT:GQ:FL:SP:CLIP5:CLIP3","1/1:40:8:10:15:11","1-Jan","40","8",10,15,11,"MEINFO=rnd-1_family-12.LINE_CR1","3108620","3108621","NA;NOT_VALIDATED;SVTYPE=INS","29","rnd-1_family-12","LINE",1,75433833
"73",7,"NC_044214.2",112074877,".","a","<INS:ME>","16",".","MEINFO=rnd-1_family-46#Unknown,112074877,112074878,NA;NOT_VALIDATED;SVTYPE=INS","GT:GQ:FL:SP:CLIP5:CLIP3","1/1:16:8:5:1:0","1-Jan","16","8",5,1,0,"MEINFO=rnd-1_family-46.Unknown","112074877","112074878","NA;NOT_VALIDATED;SVTYPE=INS","32","rnd-1_family-46","LTR",1,75433833
"74",889,"NC_044214.2",1834861,".","g","<INS:ME>","51",".","MEINFO=ltr-1_family-40#LTR_ERVK,1834861,1834862,NA;NOT_VALIDATED;SVTYPE=INS","GT:GQ:FL:SP:CLIP5:CLIP3","1/1:51:8:20:10:15","1-Jan","51","8",20,10,15,"MEINFO=ltr-1_family-40.LTR_ERVK","1834861","1834862","NA;NOT_VALIDATED;SVTYPE=INS","33","ltr-1_family-40","LTR",1,75433833
"75",895,"NC_044214.2",1912320,".","c","<INS:ME>","33",".","MEINFO=rnd-1_family-76#LTR_ERVK-rnd-4_family-284#Unknown-hybrid,1912320,1912321,NA;NOT_VALIDATED;SVTYPE=INS","GT:GQ:FL:SP:CLIP5:CLIP3","1/1:33:8:6:3:14","1-Jan","33","8",6,3,14,"MEINFO=rnd-1_family-76.LTR_ERVK-rnd-4_family-284.Unknown-hybrid","1912320","1912321","NA;NOT_VALIDATED;SVTYPE=INS","33","rnd-1_family-76","Unknown",1,75433833
"76",910,"NC_044214.2",3108629,".","a","<INS:ME>","34",".","MEINFO=rnd-1_family-12#LINE_CR1,3108629,3108630,NA;NOT_VALIDATED;SVTYPE=INS","GT:GQ:FL:SP:CLIP5:CLIP3","1/1:34:8:7:9:12","1-Jan","34","8",7,9,12,"MEINFO=rnd-1_family-12.LINE_CR1","3108629","3108630","NA;NOT_VALIDATED;SVTYPE=INS","33","rnd-1_family-12","LINE",1,75433833
"77",911,"NC_044214.2",6699413,".","G","<INS:ME>","48",".","MEINFO=rnd-1_family-12#LINE_CR1,6699413,6699414,NA;NOT_VALIDATED;SVTYPE=INS","GT:GQ:FL:SP:CLIP5:CLIP3","1/1:48:8:1:17:16","1-Jan","48","8",1,17,16,"MEINFO=rnd-1_family-12.LINE_CR1","6699413","6699414","NA;NOT_VALIDATED;SVTYPE=INS","33","rnd-1_family-12","LINE",1,75433833
"78",1,"NC_044214.2",30465641,".","C","<INS:ME>","45",".","MEINFO=ltr-1_family-44#LTR_ERVK,30465641,30465642,NA;NOT_VALIDATED;SVTYPE=INS","GT:GQ:FL:SP:CLIP5:CLIP3","1/1:45:8:1:14:17","1-Jan","45","8",1,14,17,"MEINFO=ltr-1_family-44.LTR_ERVK","30465641","30465642","NA;NOT_VALIDATED;SVTYPE=INS","38","ltr-1_family-44","LTR",1,75433833
"79",5,"NC_044214.2",108794498,".","t","<INS:ME>","28",".","MEINFO=rnd-1_family-60#LTR_ERVK,108794498,108794499,NA;NOT_VALIDATED;SVTYPE=INS","GT:GQ:FL:SP:CLIP5:CLIP3","1/1:28:8:21:11:0","1-Jan","28","8",21,11,0,"MEINFO=rnd-1_family-60.LTR_ERVK","108794498","108794499","NA;NOT_VALIDATED;SVTYPE=INS","38","rnd-1_family-60","LTR",1,75433833
"80",8,"NC_044214.2",59446782,".","t","<INS:ME>","14",".","MEINFO=ltr-1_family-12#LTR_ERVK,59446782,59446783,NA;NOT_VALIDATED;SVTYPE=INS","GT:GQ:FL:SP:CLIP5:CLIP3","1/1:14:8:9:0:2","1-Jan","14","8",9,0,2,"MEINFO=ltr-1_family-12.LTR_ERVK","59446782","59446783","NA;NOT_VALIDATED;SVTYPE=INS","38","ltr-1_family-12","LTR",1,75433833
"81",13,"NC_044214.2",10320838,".","t","<INS:ME>","28",".","MEINFO=ltr-1_family-40#LTR_ERVK,10320838,10320839,NA;NOT_VALIDATED;SVTYPE=INS","GT:GQ:FL:SP:CLIP5:CLIP3","1/1:28:8:25:8:6","1-Jan","28","8",25,8,6,"MEINFO=ltr-1_family-40.LTR_ERVK","10320838","10320839","NA;NOT_VALIDATED;SVTYPE=INS","38","ltr-1_family-40","LTR",1,75433833
"82",26,"NC_044214.2",112254184,".","T","<INS:ME>","226",".","MEINFO=ltr-1_family-5#LTR_ERV1,112254184,112254185,NA;NOT_VALIDATED;SVTYPE=INS","GT:GQ:FL:SP:CLIP5:CLIP3","1/1:226:8:32:17:28","1-Jan","226","8",32,17,28,"MEINFO=ltr-1_family-5.LTR_ERV1","112254184","112254185","NA;NOT_VALIDATED;SVTYPE=INS","38","ltr-1_family-5","LTR",1,75433833
"83",45,"NC_044214.2",108990177,".","T","<INS:ME>","29",".","MEINFO=ltr-1_family-42#LTR_ERV1,108990177,108990178,NA;NOT_VALIDATED;SVTYPE=INS","GT:GQ:FL:SP:CLIP5:CLIP3","1/1:29:8:51:0:13","1-Jan","29","8",51,0,13,"MEINFO=ltr-1_family-42.LTR_ERV1","108990177","108990178","NA;NOT_VALIDATED;SVTYPE=INS","39","ltr-1_family-42","LTR",1,75433833
"84",1319,"NC_044214.2",3108620,".","A","<INS:ME>","32",".","MEINFO=rnd-1_family-12#LINE_CR1,3108620,3108621,NA;NOT_VALIDATED;SVTYPE=INS","GT:GQ:FL:SP:CLIP5:CLIP3","1/1:32:8:6:13:8","1-Jan","32","8",6,13,8,"MEINFO=rnd-1_family-12.LINE_CR1","3108620","3108621","NA;NOT_VALIDATED;SVTYPE=INS","39","rnd-1_family-12","LINE",1,75433833
"85",323,"NC_044214.2",452780,".","a","<INS:ME>","46",".","MEINFO=rnd-1_family-95#LINE_CR1,452780,452781,NA;NOT_VALIDATED;SVTYPE=INS","GT:GQ:FL:SP:CLIP5:CLIP3","1/1:46:8:7:11:23","1-Jan","46","8",7,11,23,"MEINFO=rnd-1_family-95.LINE_CR1","452780","452781","NA;NOT_VALIDATED;SVTYPE=INS","43","rnd-1_family-95","LINE",1,75433833
"86",2,"NC_044214.2",43951667,".","A","<INS:ME>","36",".","MEINFO=rnd-4_family-1116#LTR_ERVL,43951667,43951668,NA;NOT_VALIDATED;SVTYPE=INS","GT:GQ:FL:SP:CLIP5:CLIP3","1/1:36:8:2:18:7","1-Jan","36","8",2,18,7,"MEINFO=rnd-4_family-1116.LTR_ERVL","43951667","43951668","NA;NOT_VALIDATED;SVTYPE=INS","44","rnd-4_family-1116","LTR",1,75433833
"87",1183,"NC_044214.2",452762,".","c","<INS:ME>","47",".","MEINFO=TEs-rnd-1_family-95#LINE_CR1-hybrid,452762,452763,NA;NOT_VALIDATED;SVTYPE=INS","GT:GQ:FL:SP:CLIP5:CLIP3","1/1:47:8:14:13:16","1-Jan","47","8",14,13,16,"MEINFO=TEs-rnd-1_family-95.LINE_CR1-hybrid","452762","452763","NA;NOT_VALIDATED;SVTYPE=INS","44","TEs-rnd-1_family-95","LINE",1,75433833
"88",1190,"NC_044214.2",72150171,".","a","<INS:ME>","44",".","MEINFO=ltr-1_family-46#LTR_ERVL,72150171,72150172,NA;NOT_VALIDATED;SVTYPE=INS","GT:GQ:FL:SP:CLIP5:CLIP3","1/1:44:8:8:8:4","1-Jan","44","8",8,8,4,"MEINFO=ltr-1_family-46.LTR_ERVL","72150171","72150172","NA;NOT_VALIDATED;SVTYPE=INS","44","ltr-1_family-46","LTR",1,75433833
"89",250,"NC_044214.2",106074418,".","T","<INS:ME>","13",".","MEINFO=ltr-1_family-46#LTR_ERVL-TEs-hybrid,106074418,106074419,NA;NOT_VALIDATED;SVTYPE=INS","GT:GQ:FL:SP:CLIP5:CLIP3","1/1:13:8:11:1:2","1-Jan","13","8",11,1,2,"MEINFO=ltr-1_family-46.LTR_ERVL-TEs-hybrid","106074418","106074419","NA;NOT_VALIDATED;SVTYPE=INS","47","ltr-1_family-46","LTR",1,75433833
"90",2189,"NC_044214.2",82593928,".","a","<INS:ME>","14",".","MEINFO=rnd-1_family-81#LTR_ERVL,82593928,82593929,NA;NOT_VALIDATED;SVTYPE=INS","GT:GQ:FL:SP:CLIP5:CLIP3","1/1:14:8:8:1:2","1-Jan","14","8",8,1,2,"MEINFO=rnd-1_family-81.LTR_ERVL","82593928","82593929","NA;NOT_VALIDATED;SVTYPE=INS","54","rnd-1_family-81","LTR",1,75433833
"91",2193,"NC_044214.2",111287627,".","c","<INS:ME>","22",".","MEINFO=rnd-1_family-3#LINE_CR1,111287627,111287628,NA;NOT_VALIDATED;SVTYPE=INS","GT:GQ:FL:SP:CLIP5:CLIP3","1/1:22:8:9:3:1","1-Jan","22","8",9,3,1,"MEINFO=rnd-1_family-3.LINE_CR1","111287627","111287628","NA;NOT_VALIDATED;SVTYPE=INS","54","rnd-1_family-3","LINE",1,75433833
"92",2205,"NC_044214.2",42608789,".","G","<INS:ME>","36",".","MEINFO=rnd-4_family-8527#LTR_ERV1-TEs-hybrid,42608789,42608790,NA;NOT_VALIDATED;SVTYPE=INS","GT:GQ:FL:SP:CLIP5:CLIP3","1/1:36:8:15:2:10","1-Jan","36","8",15,2,10,"MEINFO=rnd-4_family-8527.LTR_ERV1-TEs-hybrid","42608789","42608790","NA;NOT_VALIDATED;SVTYPE=INS","54","rnd-4_family-8527","LTR",1,75433833
"93",2206,"NC_044214.2",82553278,".","G","<INS:ME>","33",".","MEINFO=rnd-5_family-10002#LINE_CR1-TEs-hybrid,82553278,82553279,NA;NOT_VALIDATED;SVTYPE=INS","GT:GQ:FL:SP:CLIP5:CLIP3","1/1:33:8:0:11:1","1-Jan","33","8",0,11,1,"MEINFO=rnd-5_family-10002.LINE_CR1-TEs-hybrid","82553278","82553279","NA;NOT_VALIDATED;SVTYPE=INS","54","rnd-5_family-10002","LINE",1,75433833
"94",2230,"NC_044214.2",112074910,".","a","<INS:ME>","19",".","MEINFO=rnd-1_family-46#Unknown,112074910,112074911,NA;NOT_VALIDATED;SVTYPE=INS","GT:GQ:FL:SP:CLIP5:CLIP3","1/1:19:8:4:2:3","1-Jan","19","8",4,2,3,"MEINFO=rnd-1_family-46.Unknown","112074910","112074911","NA;NOT_VALIDATED;SVTYPE=INS","54","rnd-1_family-46","LTR",1,75433833
"95",4,"NC_044214.2",25392428,".","t","<INS:ME>","15",".","MEINFO=ltr-1_family-40#LTR_ERVK,25392428,25392429,NA;NOT_VALIDATED;SVTYPE=INS","GT:GQ:FL:SP:CLIP5:CLIP3","1/1:15:8:4:1:2","1-Jan","15","8",4,1,2,"MEINFO=ltr-1_family-40.LTR_ERVK","25392428","25392429","NA;NOT_VALIDATED;SVTYPE=INS","55","ltr-1_family-40","LTR",1,75433833
"96",14,"NC_044214.2",112102088,".","T","<INS:ME>","40",".","MEINFO=rnd-1_family-46#Unknown,112102088,112102089,NA;NOT_VALIDATED;SVTYPE=INS","GT:GQ:FL:SP:CLIP5:CLIP3","1/1:40:8:5:20:3","1-Jan","40","8",5,20,3,"MEINFO=rnd-1_family-46.Unknown","112102088","112102089","NA;NOT_VALIDATED;SVTYPE=INS","55","rnd-1_family-46","LTR",1,75433833
"97",7,"NC_044214.2",112074973,".","g","<INS:ME>","25",".","MEINFO=rnd-1_family-46#Unknown,112074973,112074974,NA;NOT_VALIDATED;SVTYPE=INS","GT:GQ:FL:SP:CLIP5:CLIP3","1/1:25:8:10:0:6","1-Jan","25","8",10,0,6,"MEINFO=rnd-1_family-46.Unknown","112074973","112074974","NA;NOT_VALIDATED;SVTYPE=INS","57","rnd-1_family-46","LTR",1,75433833
"98",22,"NC_044214.2",111025160,".","a","<INS:ME>","36",".","MEINFO=rnd-1_family-68#Unknown-TEs-hybrid,111025160,111025161,NA;NOT_VALIDATED;SVTYPE=INS","GT:GQ:FL:SP:CLIP5:CLIP3","1/1:36:8:0:10:8","1-Jan","36","8",0,10,8,"MEINFO=rnd-1_family-68.Unknown-TEs-hybrid","111025160","111025161","NA;NOT_VALIDATED;SVTYPE=INS","57","rnd-1_family-68","DNA",1,75433833
"99",27,"NC_044214.2",82553279,".","a","<INS:ME>","36",".","MEINFO=rnd-5_family-10002#LINE_CR1-TEs-hybrid,82553279,82553280,NA;NOT_VALIDATED;SVTYPE=INS","GT:GQ:FL:SP:CLIP5:CLIP3","1/1:36:8:0:18:1","1-Jan","36","8",0,18,1,"MEINFO=rnd-5_family-10002.LINE_CR1-TEs-hybrid","82553279","82553280","NA;NOT_VALIDATED;SVTYPE=INS","57","rnd-5_family-10002","LINE",1,75433833
"100",29,"NC_044214.2",4118352,".","c","<INS:ME>","29",".","MEINFO=rnd-5_family-10533#Unknown-TEs-hybrid,4118352,4118353,NA;NOT_VALIDATED;SVTYPE=INS","GT:GQ:FL:SP:CLIP5:CLIP3","1/1:29:8:14:11:5","1-Jan","29","8",14,11,5,"MEINFO=rnd-5_family-10533.Unknown-TEs-hybrid","4118352","4118353","NA;NOT_VALIDATED;SVTYPE=INS","57","rnd-5_family-10533","LTR",1,75433833
"101",33,"NC_044214.2",20943261,".","T","<INS:ME>","20",".","MEINFO=TEs-ltr-1_family-8#LTR_Unknown-hybrid,20943261,20943262,NA;NOT_VALIDATED;SVTYPE=INS","GT:GQ:FL:SP:CLIP5:CLIP3","1/1:20:8:17:3:1","1-Jan","20","8",17,3,1,"MEINFO=TEs-ltr-1_family-8.LTR_Unknown-hybrid","20943261","20943262","NA;NOT_VALIDATED;SVTYPE=INS","57","TEs-ltr-1_family-8","Unknown",1,75433833
"102",47,"NC_044214.2",3108620,".","A","<INS:ME>","34",".","MEINFO=rnd-1_family-12#LINE_CR1,3108620,3108621,NA;NOT_VALIDATED;SVTYPE=INS","GT:GQ:FL:SP:CLIP5:CLIP3","1/1:34:8:4:14:7","1-Jan","34","8",4,14,7,"MEINFO=rnd-1_family-12.LINE_CR1","3108620","3108621","NA;NOT_VALIDATED;SVTYPE=INS","57","rnd-1_family-12","LINE",1,75433833
"103",54,"NC_044214.2",43951656,".","G","<INS:ME>","37",".","MEINFO=rnd-4_family-1116#LTR_ERVL,43951656,43951657,NA;NOT_VALIDATED;SVTYPE=INS","GT:GQ:FL:SP:CLIP5:CLIP3","1/1:37:8:0:9:10","1-Jan","37","8",0,9,10,"MEINFO=rnd-4_family-1116.LTR_ERVL","43951656","43951657","NA;NOT_VALIDATED;SVTYPE=INS","57","rnd-4_family-1116","LTR",1,75433833
"104",1962,"NC_044214.2",111287528,".","c","<INS:ME>","36",".","MEINFO=rnd-1_family-58#LINE_CR1,111287528,111287529,NA;NOT_VALIDATED;SVTYPE=INS","GT:GQ:FL:SP:CLIP5:CLIP3","1/1:36:8:24:12:5","1-Jan","36","8",24,12,5,"MEINFO=rnd-1_family-58.LINE_CR1","111287528","111287529","NA;NOT_VALIDATED;SVTYPE=INS","57","rnd-1_family-58","LINE",1,75433833
"105",2,"NC_044214.2",3108620,".","A","<INS:ME>","41",".","MEINFO=rnd-1_family-12#LINE_CR1,3108620,3108621,NA;NOT_VALIDATED;SVTYPE=INS","GT:GQ:FL:SP:CLIP5:CLIP3","1/1:41:8:11:23:6","1-Jan","41","8",11,23,6,"MEINFO=rnd-1_family-12.LINE_CR1","3108620","3108621","NA;NOT_VALIDATED;SVTYPE=INS","58","rnd-1_family-12","LINE",1,75433833
"106",17,"NC_044214.2",19040622,".","A","<INS:ME>","33",".","MEINFO=TEs-ltr-1_family-8#LTR_Unknown-hybrid,19040622,19040623,NA;NOT_VALIDATED;SVTYPE=INS","GT:GQ:FL:SP:CLIP5:CLIP3","1/1:33:8:8:10:6","1-Jan","33","8",8,10,6,"MEINFO=TEs-ltr-1_family-8.LTR_Unknown-hybrid","19040622","19040623","NA;NOT_VALIDATED;SVTYPE=INS","58","TEs-ltr-1_family-8","Unknown",1,75433833
"107",40,"NC_044214.2",1820755,".","a","<INS:ME>","35",".","MEINFO=ltr-1_family-40#LTR_ERVK,1820755,1820756,NA;NOT_VALIDATED;SVTYPE=INS","GT:GQ:FL:SP:CLIP5:CLIP3","1/1:35:8:22:9:9","1-Jan","35","8",22,9,9,"MEINFO=ltr-1_family-40.LTR_ERVK","1820755","1820756","NA;NOT_VALIDATED;SVTYPE=INS","58","ltr-1_family-40","LTR",1,75433833
"108",1359,"NC_044214.2",112074976,".","t","<INS:ME>","16",".","MEINFO=rnd-1_family-46#Unknown,112074976,112074977,NA;NOT_VALIDATED;SVTYPE=INS","GT:GQ:FL:SP:CLIP5:CLIP3","1/1:16:8:2:3:0","1-Jan","16","8",2,3,0,"MEINFO=rnd-1_family-46.Unknown","112074976","112074977","NA;NOT_VALIDATED;SVTYPE=INS","58","rnd-1_family-46","LTR",1,75433833
"109",1,"NC_044214.2",9605074,".","G","<INS:ME>","36",".","MEINFO=rnd-5_family-7067#LTR_ERVK,9605074,9605075,NA;NOT_VALIDATED;SVTYPE=INS","GT:GQ:FL:SP:CLIP5:CLIP3","1/1:36:8:0:14:6","1-Jan","36","8",0,14,6,"MEINFO=rnd-5_family-7067.LTR_ERVK","9605074","9605075","NA;NOT_VALIDATED;SVTYPE=INS","59","rnd-5_family-7067","LTR",1,75433833
"110",1021,"NC_044214.2",92920483,".","C","<INS:ME>","23",".","MEINFO=ltr-1_family-88#LTR_ERVK,92920483,92920484,NA;NOT_VALIDATED;SVTYPE=INS","GT:GQ:FL:SP:CLIP5:CLIP3","1/1:23:8:7:7:4","1-Jan","23","8",7,7,4,"MEINFO=ltr-1_family-88.LTR_ERVK","92920483","92920484","NA;NOT_VALIDATED;SVTYPE=INS","59","ltr-1_family-88","LTR",1,75433833
"111",3,"NC_044214.2",105952866,".","C","<INS:ME>","34",".","MEINFO=ltr-1_family-97#LINE_CR1-TEs-hybrid,105952866,105952867,NA;NOT_VALIDATED;SVTYPE=INS","GT:GQ:FL:SP:CLIP5:CLIP3","1/1:34:8:3:4:9","1-Jan","34","8",3,4,9,"MEINFO=ltr-1_family-97.LINE_CR1-TEs-hybrid","105952866","105952867","NA;NOT_VALIDATED;SVTYPE=INS","66","ltr-1_family-97","LINE",1,75433833
"112",908,"NC_044214.2",1912438,".","t","<INS:ME>","40",".","MEINFO=rnd-1_family-76#LTR_ERVK,1912438,1912439,NA;NOT_VALIDATED;SVTYPE=INS","GT:GQ:FL:SP:CLIP5:CLIP3","1/1:40:8:8:6:16","1-Jan","40","8",8,6,16,"MEINFO=rnd-1_family-76.LTR_ERVK","1912438","1912439","NA;NOT_VALIDATED;SVTYPE=INS","66","rnd-1_family-76","LTR",1,75433833
"113",1488,"NC_044214.2",111287606,".","g","<INS:ME>","31",".","MEINFO=rnd-1_family-4#LINE_CR1,111287606,111287607,NA;NOT_VALIDATED;SVTYPE=INS","GT:GQ:FL:SP:CLIP5:CLIP3","1/1:31:8:16:7:9","1-Jan","31","8",16,7,9,"MEINFO=rnd-1_family-4.LINE_CR1","111287606","111287607","NA;NOT_VALIDATED;SVTYPE=INS","73","rnd-1_family-4","LINE",1,75433833
"114",1490,"NC_044214.2",1904850,".","A","<INS:ME>","70",".","MEINFO=ltr-1_family-40#LTR_ERVK,1904850,1904851,NA;NOT_VALIDATED;SVTYPE=INS","GT:GQ:FL:SP:CLIP5:CLIP3","1/1:70:8:17:28:31","1-Jan","70","8",17,28,31,"MEINFO=ltr-1_family-40.LTR_ERVK","1904850","1904851","NA;NOT_VALIDATED;SVTYPE=INS","73","ltr-1_family-40","LTR",1,75433833
"115",1537,"NC_044214.2",3108628,".","t","<INS:ME>","42",".","MEINFO=rnd-1_family-12#LINE_CR1,3108628,3108629,NA;NOT_VALIDATED;SVTYPE=INS","GT:GQ:FL:SP:CLIP5:CLIP3","1/1:42:8:3:8:9","1-Jan","42","8",3,8,9,"MEINFO=rnd-1_family-12.LINE_CR1","3108628","3108629","NA;NOT_VALIDATED;SVTYPE=INS","73","rnd-1_family-12","LINE",1,75433833
"116",14,"NC_044214.2",112253198,".","c","<INS:ME>","130",".","MEINFO=rnd-5_family-793#Unknown,112253198,112253199,NA;NOT_VALIDATED;SVTYPE=INS","GT:GQ:FL:SP:CLIP5:CLIP3","1/1:130:8:53:22:32","1-Jan","130","8",53,22,32,"MEINFO=rnd-5_family-793.Unknown","112253198","112253199","NA;NOT_VALIDATED;SVTYPE=INS","74","rnd-5_family-793","Unknown",1,75433833
"117",10,"NC_044214.2",109909778,".","C","<INS:ME>","46",".","MEINFO=TEs-rnd-4_family-1328#LTR_ERVK-hybrid,109909778,109909779,NA;NOT_VALIDATED;SVTYPE=INS","GT:GQ:FL:SP:CLIP5:CLIP3","1/1:46:8:0:14:18","1-Jan","46","8",0,14,18,"MEINFO=TEs-rnd-4_family-1328.LTR_ERVK-hybrid","109909778","109909779","NA;NOT_VALIDATED;SVTYPE=INS","75","TEs-rnd-4_family-1328","LTR",1,75433833
"118",1165,"NC_044214.2",3108629,".","a","<INS:ME>","31",".","MEINFO=rnd-1_family-12#LINE_CR1,3108629,3108630,NA;NOT_VALIDATED;SVTYPE=INS","GT:GQ:FL:SP:CLIP5:CLIP3","1/1:31:8:4:13:5","1-Jan","31","8",4,13,5,"MEINFO=rnd-1_family-12.LINE_CR1","3108629","3108630","NA;NOT_VALIDATED;SVTYPE=INS","75","rnd-1_family-12","LINE",1,75433833
"119",4,"NC_044214.2",72422679,".","T","<INS:ME>","21",".","MEINFO=ltr-1_family-3#LTR_ERVL-TEs-hybrid,72422679,72422680,NA;NOT_VALIDATED;SVTYPE=INS","GT:GQ:FL:SP:CLIP5:CLIP3","1/1:21:8:10:6:1","1-Jan","21","8",10,6,1,"MEINFO=ltr-1_family-3.LTR_ERVL-TEs-hybrid","72422679","72422680","NA;NOT_VALIDATED;SVTYPE=INS","76","ltr-1_family-3","LTR",1,75433833
"120",1525,"NC_044214.2",53775343,".","A","<INS:ME>","27",".","MEINFO=ltr-1_family-40#LTR_ERVK,53775343,53775344,NA;NOT_VALIDATED;SVTYPE=INS","GT:GQ:FL:SP:CLIP5:CLIP3","1/1:27:8:10:9:7","1-Jan","27","8",10,9,7,"MEINFO=ltr-1_family-40.LTR_ERVK","53775343","53775344","NA;NOT_VALIDATED;SVTYPE=INS","76","ltr-1_family-40","LTR",1,75433833
"121",1562,"NC_044214.2",38832280,".","g","<INS:ME>","14",".","MEINFO=rnd-4_family-571#LTR_ERVK,38832280,38832281,NA;NOT_VALIDATED;SVTYPE=INS","GT:GQ:FL:SP:CLIP5:CLIP3","1/1:14:8:26:1:1","1-Jan","14","8",26,1,1,"MEINFO=rnd-4_family-571.LTR_ERVK","38832280","38832281","NA;NOT_VALIDATED;SVTYPE=INS","76","rnd-4_family-571","LTR",1,75433833
"122",1,"NC_044214.2",411997,".","a","<INS:ME>","19",".","MEINFO=rnd-1_family-0#LINE_CR1,411997,411998,NA;NOT_VALIDATED;SVTYPE=INS","GT:GQ:FL:SP:CLIP5:CLIP3","1/1:19:8:3:3:1","1-Jan","19","8",3,3,1,"MEINFO=rnd-1_family-0.LINE_CR1","411997","411998","NA;NOT_VALIDATED;SVTYPE=INS","77","rnd-1_family-0","LINE",1,75433833
"123",1192,"NC_044214.2",1339320,".","C","<INS:ME>","25",".","MEINFO=rnd-5_family-9736#Unknown,1339320,1339321,NA;NOT_VALIDATED;SVTYPE=INS","GT:GQ:FL:SP:CLIP5:CLIP3","1/1:25:8:13:6:5","1-Jan","25","8",13,6,5,"MEINFO=rnd-5_family-9736.Unknown","1339320","1339321","NA;NOT_VALIDATED;SVTYPE=INS","78","rnd-5_family-9736","Unknown",1,75433833
"124",1197,"NC_044214.2",111591262,".","T","<INS:ME>","56",".","MEINFO=rnd-5_family-3141#LINE_CR1,111591262,111591263,NA;NOT_VALIDATED;SVTYPE=INS","GT:GQ:FL:SP:CLIP5:CLIP3","1/1:56:8:0:7:33","1-Jan","56","8",0,7,33,"MEINFO=rnd-5_family-3141.LINE_CR1","111591262","111591263","NA;NOT_VALIDATED;SVTYPE=INS","78","rnd-5_family-3141","LINE",1,75433833
"125",1201,"NC_044214.2",106566108,".","a","<INS:ME>","18",".","MEINFO=rnd-4_family-1262#LTR_ERV1,106566108,106566109,NA;NOT_VALIDATED;SVTYPE=INS","GT:GQ:FL:SP:CLIP5:CLIP3","1/1:18:8:7:4:3","1-Jan","18","8",7,4,3,"MEINFO=rnd-4_family-1262.LTR_ERV1","106566108","106566109","NA;NOT_VALIDATED;SVTYPE=INS","78","rnd-4_family-1262","LTR",1,75433833
"126",335,"NC_044214.2",111287601,".","g","<INS:ME>","15",".","MEINFO=rnd-1_family-3#LINE_CR1,111287601,111287602,NA;NOT_VALIDATED;SVTYPE=INS","GT:GQ:FL:SP:CLIP5:CLIP3","1/1:15:8:5:0:2","1-Jan","15","8",5,0,2,"MEINFO=rnd-1_family-3.LINE_CR1","111287601","111287602","NA;NOT_VALIDATED;SVTYPE=INS","83","rnd-1_family-3","LINE",1,75433833
"127",701,"NC_044214.2",20943293,".","C","<INS:ME>","17",".","MEINFO=TEs-ltr-1_family-8#LTR_Unknown-hybrid,20943293,20943294,NA;NOT_VALIDATED;SVTYPE=INS","GT:GQ:FL:SP:CLIP5:CLIP3","1/1:17:8:14:3:2","1-Jan","17","8",14,3,2,"MEINFO=TEs-ltr-1_family-8.LTR_Unknown-hybrid","20943293","20943294","NA;NOT_VALIDATED;SVTYPE=INS","84","TEs-ltr-1_family-8","Unknown",1,75433833
"128",4,"NC_044215.2",3293649,".","a","<INS:ME>","13",".","MEINFO=rnd-1_family-46#Unknown,3293649,3293650,NA;NOT_VALIDATED;SVTYPE=INS","GT:GQ:FL:SP:CLIP5:CLIP3","1/1:13:8:1:0:0","1-Jan","13","8",1,0,0,"MEINFO=rnd-1_family-46.Unknown","3293649","3293650","NA;NOT_VALIDATED;SVTYPE=INS","18","rnd-1_family-46","LTR",1,46886442
"129",3,"NC_044215.2",2124665,".","a","<INS:ME>","22",".","MEINFO=rnd-1_family-46#Unknown-TEs-hybrid,2124665,2124666,NA;NOT_VALIDATED;SVTYPE=INS","GT:GQ:FL:SP:CLIP5:CLIP3","1/1:22:8:9:4:6","1-Jan","22","8",9,4,6,"MEINFO=rnd-1_family-46.Unknown-TEs-hybrid","2124665","2124666","NA;NOT_VALIDATED;SVTYPE=INS","25","rnd-1_family-46","LTR",1,46886442
"130",1517,"NC_044215.2",68434128,".","A","<INS:ME>","22",".","MEINFO=rnd-1_family-60#LTR_ERVK,68434128,68434129,NA;NOT_VALIDATED;SVTYPE=INS","GT:GQ:FL:SP:CLIP5:CLIP3","1/1:22:8:4:0:0","1-Jan","22","8",4,0,0,"MEINFO=rnd-1_family-60.LTR_ERVK","68434128","68434129","NA;NOT_VALIDATED;SVTYPE=INS","29","rnd-1_family-60","LTR",1,46886442
"131",1518,"NC_044215.2",4624682,".","G","<INS:ME>","16",".","MEINFO=ltr-1_family-35#LTR_ERV1,4624682,4624683,NA;NOT_VALIDATED;SVTYPE=INS","GT:GQ:FL:SP:CLIP5:CLIP3","1/1:16:8:19:2:0","1-Jan","16","8",19,2,0,"MEINFO=ltr-1_family-35.LTR_ERV1","4624682","4624683","NA;NOT_VALIDATED;SVTYPE=INS","29","ltr-1_family-35","LTR",1,46886442
"132",1528,"NC_044215.2",51863991,".","g","<INS:ME>","53",".","MEINFO=ltr-1_family-100#LTR_ERVK-ltr-1_family-57#LTR_ERV1-hybrid,51863991,51863992,NA;NOT_VALIDATED;SVTYPE=INS","GT:GQ:FL:SP:CLIP5:CLIP3","1/1:53:8:0:9:15","1-Jan","53","8",0,9,15,"MEINFO=ltr-1_family-100.LTR_ERVK-ltr-1_family-57.LTR_ERV1-hybrid","51863991","51863992","NA;NOT_VALIDATED;SVTYPE=INS","29","ltr-1_family-100","LTR",1,46886442
"133",1530,"NC_044215.2",1274920,".","t","<INS:ME>","42",".","MEINFO=rnd-1_family-51#LTR_ERVL-TEs-hybrid,1274920,1274921,NA;NOT_VALIDATED;SVTYPE=INS","GT:GQ:FL:SP:CLIP5:CLIP3","1/1:42:8:11:16:9","1-Jan","42","8",11,16,9,"MEINFO=rnd-1_family-51.LTR_ERVL-TEs-hybrid","1274920","1274921","NA;NOT_VALIDATED;SVTYPE=INS","29","rnd-1_family-51","LTR",1,46886442
"134",29,"NC_044215.2",51557892,".","t","<INS:ME>","15",".","MEINFO=ltr-1_family-3#LTR_ERVL-TEs-hybrid,51557892,51557893,NA;NOT_VALIDATED;SVTYPE=INS","GT:GQ:FL:SP:CLIP5:CLIP3","1/1:15:8:20:1:3","1-Jan","15","8",20,1,3,"MEINFO=ltr-1_family-3.LTR_ERVL-TEs-hybrid","51557892","51557893","NA;NOT_VALIDATED;SVTYPE=INS","38","ltr-1_family-3","LTR",1,46886442
"135",1335,"NC_044215.2",67817333,".","A","<INS:ME>","88",".","MEINFO=rnd-5_family-10166#LTR_ERVK,67817333,67817334,NA;NOT_VALIDATED;SVTYPE=INS","GT:GQ:FL:SP:CLIP5:CLIP3","1/1:88:8:7:33:40","1-Jan","88","8",7,33,40,"MEINFO=rnd-5_family-10166.LTR_ERVK","67817333","67817334","NA;NOT_VALIDATED;SVTYPE=INS","38","rnd-5_family-10166","LTR",1,46886442
"136",2,"NC_044215.2",832832,".","t","<INS:ME>","33",".","MEINFO=rnd-1_family-69#LTR_ERVK,832832,832833,NA;NOT_VALIDATED;SVTYPE=INS","GT:GQ:FL:SP:CLIP5:CLIP3","1/1:33:8:3:9:8","1-Jan","33","8",3,9,8,"MEINFO=rnd-1_family-69.LTR_ERVK","832832","832833","NA;NOT_VALIDATED;SVTYPE=INS","39","rnd-1_family-69","LTR",1,46886442
"137",3,"NC_044215.2",7320471,".","T","<INS:ME>","28",".","MEINFO=rnd-5_family-653#LINE_CR1,7320471,7320472,NA;NOT_VALIDATED;SVTYPE=INS","GT:GQ:FL:SP:CLIP5:CLIP3","1/1:28:8:20:3:5","1-Jan","28","8",20,3,5,"MEINFO=rnd-5_family-653.LINE_CR1","7320471","7320472","NA;NOT_VALIDATED;SVTYPE=INS","39","rnd-5_family-653","LINE",1,46886442
"138",24,"NC_044215.2",21144291,".","T","<INS:ME>","27",".","MEINFO=TEs-rnd-4_family-8527#LTR_ERV1-hybrid,21144291,21144292,NA;NOT_VALIDATED;SVTYPE=INS","GT:GQ:FL:SP:CLIP5:CLIP3","1/1:27:8:16:2:10","1-Jan","27","8",16,2,10,"MEINFO=TEs-rnd-4_family-8527.LTR_ERV1-hybrid","21144291","21144292","NA;NOT_VALIDATED;SVTYPE=INS","40","TEs-rnd-4_family-8527","LTR",1,46886442
"139",1359,"NC_044215.2",70835272,".","A","<INS:ME>","22",".","MEINFO=rnd-1_family-59#LTR_ERVK,70835272,70835273,NA;NOT_VALIDATED;SVTYPE=INS","GT:GQ:FL:SP:CLIP5:CLIP3","1/1:22:8:18:3:1","1-Jan","22","8",18,3,1,"MEINFO=rnd-1_family-59.LTR_ERVK","70835272","70835273","NA;NOT_VALIDATED;SVTYPE=INS","40","rnd-1_family-59","LTR",1,46886442
"140",14,"NC_044215.2",61243568,".","a","<INS:ME>","19",".","MEINFO=rnd-5_family-3324#LINE_CR1,61243568,61243569,NA;NOT_VALIDATED;SVTYPE=INS","GT:GQ:FL:SP:CLIP5:CLIP3","1/1:19:8:7:6:0","1-Jan","19","8",7,6,0,"MEINFO=rnd-5_family-3324.LINE_CR1","61243568","61243569","NA;NOT_VALIDATED;SVTYPE=INS","44","rnd-5_family-3324","LINE",1,46886442
"141",1166,"NC_044215.2",67817334,".","C","<INS:ME>","59",".","MEINFO=rnd-5_family-10166#LTR_ERVK,67817334,67817335,NA;NOT_VALIDATED;SVTYPE=INS","GT:GQ:FL:SP:CLIP5:CLIP3","1/1:59:8:4:21:23","1-Jan","59","8",4,21,23,"MEINFO=rnd-5_family-10166.LTR_ERVK","67817334","67817335","NA;NOT_VALIDATED;SVTYPE=INS","44","rnd-5_family-10166","LTR",1,46886442
"142",1179,"NC_044215.2",47367069,".","C","<INS:ME>","16",".","MEINFO=rnd-4_family-236#LTR_ERVK-TEs-hybrid,47367069,47367070,NA;NOT_VALIDATED;SVTYPE=INS","GT:GQ:FL:SP:CLIP5:CLIP3","1/1:16:8:7:3:2","1-Jan","16","8",7,3,2,"MEINFO=rnd-4_family-236.LTR_ERVK-TEs-hybrid","47367069","47367070","NA;NOT_VALIDATED;SVTYPE=INS","44","rnd-4_family-236","LTR",1,46886442
"143",249,"NC_044215.2",34673449,".","A","<INS:ME>","19",".","MEINFO=ltr-1_family-12#LTR_ERVK-TEs-hybrid,34673449,34673450,NA;NOT_VALIDATED;SVTYPE=INS","GT:GQ:FL:SP:CLIP5:CLIP3","1/1:19:8:0:6:0","1-Jan","19","8",0,6,0,"MEINFO=ltr-1_family-12.LTR_ERVK-TEs-hybrid","34673449","34673450","NA;NOT_VALIDATED;SVTYPE=INS","47","ltr-1_family-12","LTR",1,46886442
"144",340,"NC_044215.2",70151128,".","C","<INS:ME>","29",".","MEINFO=rnd-1_family-24#LTR_ERVL,70151128,70151129,NA;NOT_VALIDATED;SVTYPE=INS","GT:GQ:FL:SP:CLIP5:CLIP3","1/1:29:8:6:5:8","1-Jan","29","8",6,5,8,"MEINFO=rnd-1_family-24.LTR_ERVL","70151128","70151129","NA;NOT_VALIDATED;SVTYPE=INS","48","rnd-1_family-24","LTR",1,46886442
"145",2175,"NC_044215.2",58934181,".","g","<INS:ME>","25",".","MEINFO=ltr-1_family-3#LTR_ERVL,58934181,58934182,NA;NOT_VALIDATED;SVTYPE=INS","GT:GQ:FL:SP:CLIP5:CLIP3","1/1:25:8:7:2:5","1-Jan","25","8",7,2,5,"MEINFO=ltr-1_family-3.LTR_ERVL","58934181","58934182","NA;NOT_VALIDATED;SVTYPE=INS","54","ltr-1_family-3","LTR",1,46886442
"146",2185,"NC_044215.2",65159565,".","T","<INS:ME>","52",".","MEINFO=rnd-5_family-13689#LINE_CR1,65159565,65159566,NA;NOT_VALIDATED;SVTYPE=INS","GT:GQ:FL:SP:CLIP5:CLIP3","1/1:52:8:15:18:16","1-Jan","52","8",15,18,16,"MEINFO=rnd-5_family-13689.LINE_CR1","65159565","65159566","NA;NOT_VALIDATED;SVTYPE=INS","54","rnd-5_family-13689","LINE",1,46886442
"147",2209,"NC_044215.2",68247830,".","C","<INS:ME>","28",".","MEINFO=TEs-ltr-1_family-47#LINE_CR1-hybrid,68247830,68247831,NA;NOT_VALIDATED;SVTYPE=INS","GT:GQ:FL:SP:CLIP5:CLIP3","1/1:28:8:0:7:8","1-Jan","28","8",0,7,8,"MEINFO=TEs-ltr-1_family-47.LINE_CR1-hybrid","68247830","68247831","NA;NOT_VALIDATED;SVTYPE=INS","54","TEs-ltr-1_family-47","LINE",1,46886442
"148",2231,"NC_044215.2",69750649,".","g","<INS:ME>","39",".","MEINFO=rnd-1_family-46#Unknown,69750649,69750650,NA;NOT_VALIDATED;SVTYPE=INS","GT:GQ:FL:SP:CLIP5:CLIP3","1/1:39:8:6:3:2","1-Jan","39","8",6,3,2,"MEINFO=rnd-1_family-46.Unknown","69750649","69750650","NA;NOT_VALIDATED;SVTYPE=INS","54","rnd-1_family-46","LTR",1,46886442
"149",2242,"NC_044215.2",69738262,".","T","<INS:ME>","28",".","MEINFO=ltr-1_family-79#LTR_ERVK,69738262,69738263,NA;NOT_VALIDATED;SVTYPE=INS","GT:GQ:FL:SP:CLIP5:CLIP3","1/1:28:8:22:9:5","1-Jan","28","8",22,9,5,"MEINFO=ltr-1_family-79.LTR_ERVK","69738262","69738263","NA;NOT_VALIDATED;SVTYPE=INS","54","ltr-1_family-79","LTR",1,46886442
"150",673,"NC_044215.2",70199660,".","a","<INS:ME>","19",".","MEINFO=rnd-1_family-69#LTR_ERVK,70199660,70199661,NA;NOT_VALIDATED;SVTYPE=INS","GT:GQ:FL:SP:CLIP5:CLIP3","1/1:19:8:8:4:2","1-Jan","19","8",8,4,2,"MEINFO=rnd-1_family-69.LTR_ERVK","70199660","70199661","NA;NOT_VALIDATED;SVTYPE=INS","55","rnd-1_family-69","LTR",1,46886442
"151",17,"NC_044215.2",3293795,".","t","<INS:ME>","15",".","MEINFO=TEs-rnd-1_family-46#Unknown-hybrid,3293795,3293796,NA;NOT_VALIDATED;SVTYPE=INS","GT:GQ:FL:SP:CLIP5:CLIP3","1/1:15:8:13:1:3","1-Jan","15","8",13,1,3,"MEINFO=TEs-rnd-1_family-46.Unknown-hybrid","3293795","3293796","NA;NOT_VALIDATED;SVTYPE=INS","56","TEs-rnd-1_family-46","LTR",1,46886442
"152",1955,"NC_044215.2",58934185,".","t","<INS:ME>","17",".","MEINFO=ltr-1_family-3#LTR_ERVL,58934185,58934186,NA;NOT_VALIDATED;SVTYPE=INS","GT:GQ:FL:SP:CLIP5:CLIP3","1/1:17:8:10:2:0","1-Jan","17","8",10,2,0,"MEINFO=ltr-1_family-3.LTR_ERVL","58934185","58934186","NA;NOT_VALIDATED;SVTYPE=INS","57","ltr-1_family-3","LTR",1,46886442
"153",1964,"NC_044215.2",69052647,".","c","<INS:ME>","33",".","MEINFO=rnd-1_family-69#LTR_ERVK,69052647,69052648,NA;NOT_VALIDATED;SVTYPE=INS","GT:GQ:FL:SP:CLIP5:CLIP3","1/1:33:8:18:2:5","1-Jan","33","8",18,2,5,"MEINFO=rnd-1_family-69.LTR_ERVK","69052647","69052648","NA;NOT_VALIDATED;SVTYPE=INS","57","rnd-1_family-69","LTR",1,46886442
"154",1965,"NC_044215.2",60747864,".","A","<INS:ME>","53",".","MEINFO=rnd-5_family-13796#LINE_CR1,60747864,60747865,NA;NOT_VALIDATED;SVTYPE=INS","GT:GQ:FL:SP:CLIP5:CLIP3","1/1:53:8:9:31:8","1-Jan","53","8",9,31,8,"MEINFO=rnd-5_family-13796.LINE_CR1","60747864","60747865","NA;NOT_VALIDATED;SVTYPE=INS","57","rnd-5_family-13796","LINE",1,46886442
"155",4,"NC_044215.2",68434124,".","T","<INS:ME>","21",".","MEINFO=rnd-1_family-60#LTR_ERVK,68434124,68434125,NA;NOT_VALIDATED;SVTYPE=INS","GT:GQ:FL:SP:CLIP5:CLIP3","1/1:21:8:11:6:0","1-Jan","21","8",11,6,0,"MEINFO=rnd-1_family-60.LTR_ERVK","68434124","68434125","NA;NOT_VALIDATED;SVTYPE=INS","58","rnd-1_family-60","LTR",1,46886442
"156",18,"NC_044215.2",69052553,".","a","<INS:ME>","23",".","MEINFO=TEs-rnd-1_family-69#LTR_ERVK-hybrid,69052553,69052554,NA;NOT_VALIDATED;SVTYPE=INS","GT:GQ:FL:SP:CLIP5:CLIP3","1/1:23:8:5:6:5","1-Jan","23","8",5,6,5,"MEINFO=TEs-rnd-1_family-69.LTR_ERVK-hybrid","69052553","69052554","NA;NOT_VALIDATED;SVTYPE=INS","58","TEs-rnd-1_family-69","LTR",1,46886442
"157",19,"NC_044215.2",69131564,".","C","<INS:ME>","45",".","MEINFO=TEs-rnd-5_family-13689#LINE_CR1-hybrid,69131564,69131565,NA;NOT_VALIDATED;SVTYPE=INS","GT:GQ:FL:SP:CLIP5:CLIP3","1/1:45:8:0:21:6","1-Jan","45","8",0,21,6,"MEINFO=TEs-rnd-5_family-13689.LINE_CR1-hybrid","69131564","69131565","NA;NOT_VALIDATED;SVTYPE=INS","58","TEs-rnd-5_family-13689","LINE",1,46886442
"158",8,"NC_044215.2",65314892,".","T","<INS:ME>","35",".","MEINFO=rnd-5_family-4406#LTR_ERVK-TEs-hybrid,65314892,65314893,NA;NOT_VALIDATED;SVTYPE=INS","GT:GQ:FL:SP:CLIP5:CLIP3","1/1:35:8:0:9:11","1-Jan","35","8",0,9,11,"MEINFO=rnd-5_family-4406.LTR_ERVK-TEs-hybrid","65314892","65314893","NA;NOT_VALIDATED;SVTYPE=INS","62","rnd-5_family-4406","LTR",1,46886442
"159",10,"NC_044215.2",21144285,".","C","<INS:ME>","23",".","MEINFO=TEs-rnd-4_family-8527#LTR_ERV1-hybrid,21144285,21144286,NA;NOT_VALIDATED;SVTYPE=INS","GT:GQ:FL:SP:CLIP5:CLIP3","1/1:23:8:0:7:3","1-Jan","23","8",0,7,3,"MEINFO=TEs-rnd-4_family-8527.LTR_ERV1-hybrid","21144285","21144286","NA;NOT_VALIDATED;SVTYPE=INS","62","TEs-rnd-4_family-8527","LTR",1,46886442
"160",13,"NC_044215.2",67444020,".","g","<INS:ME>","17",".","MEINFO=rnd-1_family-76#LTR_ERVK,67444020,67444021,NA;NOT_VALIDATED;SVTYPE=INS","GT:GQ:FL:SP:CLIP5:CLIP3","1/1:17:8:7:1:2","1-Jan","17","8",7,1,2,"MEINFO=rnd-1_family-76.LTR_ERVK","67444020","67444021","NA;NOT_VALIDATED;SVTYPE=INS","62","rnd-1_family-76","LTR",1,46886442
"161",304,"NC_044215.2",47336195,".","t","<INS:ME>","43",".","MEINFO=ltr-1_family-68#LTR_ERVK-TEs-hybrid,47336195,47336196,NA;NOT_VALIDATED;SVTYPE=INS","GT:GQ:FL:SP:CLIP5:CLIP3","1/1:43:8:172:0:18","1-Jan","43","8",172,0,18,"MEINFO=ltr-1_family-68.LTR_ERVK-TEs-hybrid","47336195","47336196","NA;NOT_VALIDATED;SVTYPE=INS","65","ltr-1_family-68","LTR",1,46886442
"162",22,"NC_044215.2",5731745,".","g","<INS:ME>","28",".","MEINFO=ltr-1_family-41#LTR_ERVL,5731745,5731746,NA;NOT_VALIDATED;SVTYPE=INS","GT:GQ:FL:SP:CLIP5:CLIP3","1/1:28:8:11:8:5","1-Jan","28","8",11,8,5,"MEINFO=ltr-1_family-41.LTR_ERVL","5731745","5731746","NA;NOT_VALIDATED;SVTYPE=INS","66","ltr-1_family-41","LTR",1,46886442
"163",343,"NC_044215.2",69500281,".","C","<INS:ME>","28",".","MEINFO=rnd-5_family-3324#LINE_CR1,69500281,69500282,NA;NOT_VALIDATED;SVTYPE=INS","GT:GQ:FL:SP:CLIP5:CLIP3","1/1:28:8:3:6:6","1-Jan","28","8",3,6,6,"MEINFO=rnd-5_family-3324.LINE_CR1","69500281","69500282","NA;NOT_VALIDATED;SVTYPE=INS","67","rnd-5_family-3324","LINE",1,46886442
"164",1505,"NC_044215.2",68812819,".","T","<INS:ME>","41",".","MEINFO=rnd-5_family-9361#LINE_CR1-TEs-hybrid,68812819,68812820,NA;NOT_VALIDATED;SVTYPE=INS","GT:GQ:FL:SP:CLIP5:CLIP3","1/1:41:8:0:12:3","1-Jan","41","8",0,12,3,"MEINFO=rnd-5_family-9361.LINE_CR1-TEs-hybrid","68812819","68812820","NA;NOT_VALIDATED;SVTYPE=INS","73","rnd-5_family-9361","LINE",1,46886442
"165",19,"NC_044215.2",832826,".","c","<INS:ME>","35",".","MEINFO=rnd-1_family-69#LTR_ERVK-TEs-hybrid,832826,832827,NA;NOT_VALIDATED;SVTYPE=INS","GT:GQ:FL:SP:CLIP5:CLIP3","1/1:35:8:4:19:5","1-Jan","35","8",4,19,5,"MEINFO=rnd-1_family-69.LTR_ERVK-TEs-hybrid","832826","832827","NA;NOT_VALIDATED;SVTYPE=INS","74","rnd-1_family-69","LTR",1,46886442
"166",11,"NC_044215.2",70383751,".","a","<INS:ME>","22",".","MEINFO=TEs-rnd-4_family-1116#LTR_ERVL-hybrid,70383751,70383752,NA;NOT_VALIDATED;SVTYPE=INS","GT:GQ:FL:SP:CLIP5:CLIP3","1/1:22:8:9:7:3","1-Jan","22","8",9,7,3,"MEINFO=TEs-rnd-4_family-1116.LTR_ERVL-hybrid","70383751","70383752","NA;NOT_VALIDATED;SVTYPE=INS","75","TEs-rnd-4_family-1116","LTR",1,46886442
"167",13,"NC_044215.2",68812837,".","a","<INS:ME>","20",".","MEINFO=rnd-5_family-9361#LINE_CR1-TEs-hybrid,68812837,68812838,NA;NOT_VALIDATED;SVTYPE=INS","GT:GQ:FL:SP:CLIP5:CLIP3","1/1:20:8:3:5:1","1-Jan","20","8",3,5,1,"MEINFO=rnd-5_family-9361.LINE_CR1-TEs-hybrid","68812837","68812838","NA;NOT_VALIDATED;SVTYPE=INS","76","rnd-5_family-9361","LINE",1,46886442
"168",1526,"NC_044215.2",68718103,".","a","<INS:ME>","30",".","MEINFO=rnd-1_family-60#LTR_ERVK,68718103,68718104,NA;NOT_VALIDATED;SVTYPE=INS","GT:GQ:FL:SP:CLIP5:CLIP3","1/1:30:8:10:8:4","1-Jan","30","8",10,8,4,"MEINFO=rnd-1_family-60.LTR_ERVK","68718103","68718104","NA;NOT_VALIDATED;SVTYPE=INS","76","rnd-1_family-60","LTR",1,46886442
"169",1536,"NC_044215.2",40229599,".","G","<INS:ME>","61",".","MEINFO=rnd-5_family-1605#LINE_CR1,40229599,40229600,NA;NOT_VALIDATED;SVTYPE=INS","GT:GQ:FL:SP:CLIP5:CLIP3","1/1:61:8:7:25:25","1-Jan","61","8",7,25,25,"MEINFO=rnd-5_family-1605.LINE_CR1","40229599","40229600","NA;NOT_VALIDATED;SVTYPE=INS","76","rnd-5_family-1605","LINE",1,46886442
"170",828,"NC_044215.2",3748998,".","c","<INS:ME>","23",".","MEINFO=rnd-4_family-4155#Unknown,3748998,3748999,NA;NOT_VALIDATED;SVTYPE=INS","GT:GQ:FL:SP:CLIP5:CLIP3","1/1:23:8:12:4:8","1-Jan","23","8",12,4,8,"MEINFO=rnd-4_family-4155.Unknown","3748998","3748999","NA;NOT_VALIDATED;SVTYPE=INS","77","rnd-4_family-4155","Unknown",1,46886442
"171",3,"NC_044215.2",2124642,".","g","<INS:ME>","30",".","MEINFO=rnd-1_family-46#Unknown,2124642,2124643,NA;NOT_VALIDATED;SVTYPE=INS","GT:GQ:FL:SP:CLIP5:CLIP3","1/1:30:8:25:4:12","1-Jan","30","8",25,4,12,"MEINFO=rnd-1_family-46.Unknown","2124642","2124643","NA;NOT_VALIDATED;SVTYPE=INS","78","rnd-1_family-46","LTR",1,46886442
"172",1181,"NC_044215.2",58934026,".","T","<INS:ME>","15",".","MEINFO=TEs-ltr-1_family-3#LTR_ERVL-hybrid,58934026,58934027,NA;NOT_VALIDATED;SVTYPE=INS","GT:GQ:FL:SP:CLIP5:CLIP3","1/1:15:8:13:0:3","1-Jan","15","8",13,0,3,"MEINFO=TEs-ltr-1_family-3.LTR_ERVL-hybrid","58934026","58934027","NA;NOT_VALIDATED;SVTYPE=INS","78","TEs-ltr-1_family-3","LTR",1,46886442
"173",11,"NC_044215.2",397434,".","G","<INS:ME>","42",".","MEINFO=rnd-5_family-841#Unknown-TEs-hybrid,397434,397435,NA;NOT_VALIDATED;SVTYPE=INS","GT:GQ:FL:SP:CLIP5:CLIP3","1/1:42:8:0:12:16","1-Jan","42","8",0,12,16,"MEINFO=rnd-5_family-841.Unknown-TEs-hybrid","397434","397435","NA;NOT_VALIDATED;SVTYPE=INS","83","rnd-5_family-841","LTR",1,46886442
"174",13,"NC_044215.2",808182,".","T","<INS:ME>","35",".","MEINFO=TEs-rnd-1_family-68#Unknown-hybrid,808182,808183,NA;NOT_VALIDATED;SVTYPE=INS","GT:GQ:FL:SP:CLIP5:CLIP3","1/1:35:8:1:15:8","1-Jan","35","8",1,15,8,"MEINFO=TEs-rnd-1_family-68.Unknown-hybrid","808182","808183","NA;NOT_VALIDATED;SVTYPE=INS","85","TEs-rnd-1_family-68","DNA",1,46886442
"175",4,"NC_044216.2",1936299,".","c","<INS:ME>","18",".","MEINFO=rnd-1_family-46#Unknown,1936299,1936300,NA;NOT_VALIDATED;SVTYPE=INS","GT:GQ:FL:SP:CLIP5:CLIP3","1/1:18:8:2:2:0","1-Jan","18","8",2,2,0,"MEINFO=rnd-1_family-46.Unknown","1936299","1936300","NA;NOT_VALIDATED;SVTYPE=INS","24","rnd-1_family-46","LTR",1,13950523
"176",1349,"NC_044216.2",17595969,".","g","<INS:ME>","24",".","MEINFO=ltr-1_family-35#LTR_ERV1,17595969,17595970,NA;NOT_VALIDATED;SVTYPE=INS","GT:GQ:FL:SP:CLIP5:CLIP3","1/1:24:8:7:3:1","1-Jan","24","8",7,3,1,"MEINFO=ltr-1_family-35.LTR_ERV1","17595969","17595970","NA;NOT_VALIDATED;SVTYPE=INS","24","ltr-1_family-35","LTR",1,13950523
"177",1519,"NC_044216.2",15833407,".","a","<INS:ME>","15",".","MEINFO=ltr-1_family-35#LTR_ERV1,15833407,15833408,NA;NOT_VALIDATED;SVTYPE=INS","GT:GQ:FL:SP:CLIP5:CLIP3","1/1:15:8:10:0:1","1-Jan","15","8",10,0,1,"MEINFO=ltr-1_family-35.LTR_ERV1","15833407","15833408","NA;NOT_VALIDATED;SVTYPE=INS","29","ltr-1_family-35","LTR",1,13950523
"178",1520,"NC_044216.2",17186886,".","g","<INS:ME>","22",".","MEINFO=ltr-1_family-35#LTR_ERV1,17186886,17186887,NA;NOT_VALIDATED;SVTYPE=INS","GT:GQ:FL:SP:CLIP5:CLIP3","1/1:22:8:6:1:0","1-Jan","22","8",6,1,0,"MEINFO=ltr-1_family-35.LTR_ERV1","17186886","17186887","NA;NOT_VALIDATED;SVTYPE=INS","29","ltr-1_family-35","LTR",1,13950523
"179",1554,"NC_044216.2",2528402,".","g","<INS:ME>","21",".","MEINFO=rnd-1_family-46#Unknown,2528402,2528403,NA;NOT_VALIDATED;SVTYPE=INS","GT:GQ:FL:SP:CLIP5:CLIP3","1/1:21:8:9:4:1","1-Jan","21","8",9,4,1,"MEINFO=rnd-1_family-46.Unknown","2528402","2528403","NA;NOT_VALIDATED;SVTYPE=INS","29","rnd-1_family-46","LTR",1,13950523
"180",30,"NC_044216.2",1395407,".","a","<INS:ME>","32",".","MEINFO=TEs-rnd-1_family-1#LINE_CR1-hybrid,1395407,1395408,NA;NOT_VALIDATED;SVTYPE=INS","GT:GQ:FL:SP:CLIP5:CLIP3","1/1:32:8:11:4:17","1-Jan","32","8",11,4,17,"MEINFO=TEs-rnd-1_family-1.LINE_CR1-hybrid","1395407","1395408","NA;NOT_VALIDATED;SVTYPE=INS","39","TEs-rnd-1_family-1","LINE",1,13950523
"181",1364,"NC_044216.2",3996584,".","A","<INS:ME>","22",".","MEINFO=rnd-1_family-46#Unknown,3996584,3996585,NA;NOT_VALIDATED;SVTYPE=INS","GT:GQ:FL:SP:CLIP5:CLIP3","1/1:22:8:17:2:4","1-Jan","22","8",17,2,4,"MEINFO=rnd-1_family-46.Unknown","3996584","3996585","NA;NOT_VALIDATED;SVTYPE=INS","40","rnd-1_family-46","LTR",1,13950523
"182",8,"NC_044216.2",2528420,".","t","<INS:ME>","14",".","MEINFO=rnd-1_family-46#Unknown,2528420,2528421,NA;NOT_VALIDATED;SVTYPE=INS","GT:GQ:FL:SP:CLIP5:CLIP3","1/1:14:8:2:0:0","1-Jan","14","8",2,0,0,"MEINFO=rnd-1_family-46.Unknown","2528420","2528421","NA;NOT_VALIDATED;SVTYPE=INS","44","rnd-1_family-46","LTR",1,13950523
"183",1167,"NC_044216.2",4810026,".","t","<INS:ME>","20",".","MEINFO=rnd-1_family-61#LTR_ERVL,4810026,4810027,NA;NOT_VALIDATED;SVTYPE=INS","GT:GQ:FL:SP:CLIP5:CLIP3","1/1:20:8:8:5:4","1-Jan","20","8",8,5,4,"MEINFO=rnd-1_family-61.LTR_ERVL","4810026","4810027","NA;NOT_VALIDATED;SVTYPE=INS","44","rnd-1_family-61","LTR",1,13950523
"184",6,"NC_044216.2",1722534,".","c","<INS:ME>","36",".","MEINFO=rnd-1_family-46#Unknown,1722534,1722535,NA;NOT_VALIDATED;SVTYPE=INS","GT:GQ:FL:SP:CLIP5:CLIP3","1/1:36:8:0:10:12","1-Jan","36","8",0,10,12,"MEINFO=rnd-1_family-46.Unknown","1722534","1722535","NA;NOT_VALIDATED;SVTYPE=INS","46","rnd-1_family-46","LTR",1,13950523
"185",253,"NC_044216.2",3076496,".","g","<INS:ME>","18",".","MEINFO=rnd-1_family-60#LTR_ERVK,3076496,3076497,NA;NOT_VALIDATED;SVTYPE=INS","GT:GQ:FL:SP:CLIP5:CLIP3","1/1:18:8:5:3:0","1-Jan","18","8",5,3,0,"MEINFO=rnd-1_family-60.LTR_ERVK","3076496","3076497","NA;NOT_VALIDATED;SVTYPE=INS","47","rnd-1_family-60","LTR",1,13950523
"186",2190,"NC_044216.2",3054159,".","a","<INS:ME>","44",".","MEINFO=ltr-1_family-35#LTR_ERV1,3054159,3054160,NA;NOT_VALIDATED;SVTYPE=INS","GT:GQ:FL:SP:CLIP5:CLIP3","1/1:44:8:0:16:4","1-Jan","44","8",0,16,4,"MEINFO=ltr-1_family-35.LTR_ERV1","3054159","3054160","NA;NOT_VALIDATED;SVTYPE=INS","54","ltr-1_family-35","LTR",1,13950523
"187",2200,"NC_044216.2",1327014,".","t","<INS:ME>","35",".","MEINFO=rnd-1_family-60#LTR_ERVK-TEs-hybrid,1327014,1327015,NA;NOT_VALIDATED;SVTYPE=INS","GT:GQ:FL:SP:CLIP5:CLIP3","1/1:35:8:10:5:5","1-Jan","35","8",10,5,5,"MEINFO=rnd-1_family-60.LTR_ERVK-TEs-hybrid","1327014","1327015","NA;NOT_VALIDATED;SVTYPE=INS","54","rnd-1_family-60","LTR",1,13950523
"188",2207,"NC_044216.2",11828937,".","G","<INS:ME>","40",".","MEINFO=rnd-5_family-4653#LINE_CR1-rnd-5_family-581#Unknown-hybrid,11828937,11828938,NA;NOT_VALIDATED;SVTYPE=INS","GT:GQ:FL:SP:CLIP5:CLIP3","1/1:40:8:0:9:14","1-Jan","40","8",0,9,14,"MEINFO=rnd-5_family-4653.LINE_CR1-rnd-5_family-581.Unknown-hybrid","11828937","11828938","NA;NOT_VALIDATED;SVTYPE=INS","54","rnd-5_family-4653","Unknown",1,13950523
"189",2232,"NC_044216.2",1063105,".","A","<INS:ME>","27",".","MEINFO=rnd-1_family-46#Unknown,1063105,1063106,NA;NOT_VALIDATED;SVTYPE=INS","GT:GQ:FL:SP:CLIP5:CLIP3","1/1:27:8:14:6:8","1-Jan","27","8",14,6,8,"MEINFO=rnd-1_family-46.Unknown","1063105","1063106","NA;NOT_VALIDATED;SVTYPE=INS","54","rnd-1_family-46","LTR",1,13950523
"190",2233,"NC_044216.2",1705788,".","g","<INS:ME>","42",".","MEINFO=rnd-1_family-46#Unknown,1705788,1705789,NA;NOT_VALIDATED;SVTYPE=INS","GT:GQ:FL:SP:CLIP5:CLIP3","1/1:42:8:1:0:6","1-Jan","42","8",1,0,6,"MEINFO=rnd-1_family-46.Unknown","1705788","1705789","NA;NOT_VALIDATED;SVTYPE=INS","54","rnd-1_family-46","LTR",1,13950523
"191",2234,"NC_044216.2",1907313,".","c","<INS:ME>","32",".","MEINFO=rnd-1_family-46#Unknown,1907313,1907314,NA;NOT_VALIDATED;SVTYPE=INS","GT:GQ:FL:SP:CLIP5:CLIP3","1/1:32:8:4:1:6","1-Jan","32","8",4,1,6,"MEINFO=rnd-1_family-46.Unknown","1907313","1907314","NA;NOT_VALIDATED;SVTYPE=INS","54","rnd-1_family-46","LTR",1,13950523
"192",23,"NC_044216.2",13345076,".","g","<INS:ME>","17",".","MEINFO=rnd-1_family-8#LTR_ERVL,13345076,13345077,NA;NOT_VALIDATED;SVTYPE=INS","GT:GQ:FL:SP:CLIP5:CLIP3","1/1:17:8:7:0:0","1-Jan","17","8",7,0,0,"MEINFO=rnd-1_family-8.LTR_ERVL","13345076","13345077","NA;NOT_VALIDATED;SVTYPE=INS","56","rnd-1_family-8","LTR",1,13950523
"193",8,"NC_044216.2",1907172,".","t","<INS:ME>","33",".","MEINFO=rnd-1_family-46#Unknown,1907172,1907173,NA;NOT_VALIDATED;SVTYPE=INS","GT:GQ:FL:SP:CLIP5:CLIP3","1/1:33:8:5:4:3","1-Jan","33","8",5,4,3,"MEINFO=rnd-1_family-46.Unknown","1907172","1907173","NA;NOT_VALIDATED;SVTYPE=INS","57","rnd-1_family-46","LTR",1,13950523
"194",1961,"NC_044216.2",3076534,".","a","<INS:ME>","46",".","MEINFO=rnd-1_family-60#LTR_ERVK,3076534,3076535,NA;NOT_VALIDATED;SVTYPE=INS","GT:GQ:FL:SP:CLIP5:CLIP3","1/1:46:8:7:12:6","1-Jan","46","8",7,12,6,"MEINFO=rnd-1_family-60.LTR_ERVK","3076534","3076535","NA;NOT_VALIDATED;SVTYPE=INS","57","rnd-1_family-60","LTR",1,13950523
"195",35,"NC_044216.2",1569202,".","t","<INS:ME>","22",".","MEINFO=ltr-1_family-35#LTR_ERV1,1569202,1569203,NA;NOT_VALIDATED;SVTYPE=INS","GT:GQ:FL:SP:CLIP5:CLIP3","1/1:22:8:14:0:6","1-Jan","22","8",14,0,6,"MEINFO=ltr-1_family-35.LTR_ERV1","1569202","1569203","NA;NOT_VALIDATED;SVTYPE=INS","58","ltr-1_family-35","LTR",1,13950523
"196",36,"NC_044216.2",17459725,".","T","<INS:ME>","28",".","MEINFO=ltr-1_family-35#LTR_ERV1,17459725,17459726,NA;NOT_VALIDATED;SVTYPE=INS","GT:GQ:FL:SP:CLIP5:CLIP3","1/1:28:8:6:5:3","1-Jan","28","8",6,5,3,"MEINFO=ltr-1_family-35.LTR_ERV1","17459725","17459726","NA;NOT_VALIDATED;SVTYPE=INS","58","ltr-1_family-35","LTR",1,13950523
"197",1360,"NC_044216.2",1907335,".","t","<INS:ME>","25",".","MEINFO=rnd-1_family-46#Unknown,1907335,1907336,NA;NOT_VALIDATED;SVTYPE=INS","GT:GQ:FL:SP:CLIP5:CLIP3","1/1:25:8:4:3:1","1-Jan","25","8",4,3,1,"MEINFO=rnd-1_family-46.Unknown","1907335","1907336","NA;NOT_VALIDATED;SVTYPE=INS","58","rnd-1_family-46","LTR",1,13950523
"198",1024,"NC_044216.2",1841974,".","a","<INS:ME>","25",".","MEINFO=rnd-1_family-46#Unknown,1841974,1841975,NA;NOT_VALIDATED;SVTYPE=INS","GT:GQ:FL:SP:CLIP5:CLIP3","1/1:25:8:5:4:1","1-Jan","25","8",5,4,1,"MEINFO=rnd-1_family-46.Unknown","1841974","1841975","NA;NOT_VALIDATED;SVTYPE=INS","59","rnd-1_family-46","LTR",1,13950523
"199",8,"NC_044216.2",18008045,".","c","<INS:ME>","31",".","MEINFO=TEs-ltr-1_family-95#LTR_ERVK-hybrid,18008045,18008046,NA;NOT_VALIDATED;SVTYPE=INS","GT:GQ:FL:SP:CLIP5:CLIP3","1/1:31:8:5:15:4","1-Jan","31","8",5,15,4,"MEINFO=TEs-ltr-1_family-95.LTR_ERVK-hybrid","18008045","18008046","NA;NOT_VALIDATED;SVTYPE=INS","66","TEs-ltr-1_family-95","LTR",1,13950523
"200",1486,"NC_044216.2",4124839,".","G","<INS:ME>","81",".","MEINFO=ltr-1_family-35#LTR_ERV1,4124839,4124840,NA;NOT_VALIDATED;SVTYPE=INS","GT:GQ:FL:SP:CLIP5:CLIP3","1/1:81:8:19:28:33","1-Jan","81","8",19,28,33,"MEINFO=ltr-1_family-35.LTR_ERV1","4124839","4124840","NA;NOT_VALIDATED;SVTYPE=INS","73","ltr-1_family-35","LTR",1,13950523
"201",6,"NC_044216.2",1488891,".","A","<INS:ME>","27",".","MEINFO=ltr-1_family-35#LTR_ERV1,1488891,1488892,NA;NOT_VALIDATED;SVTYPE=INS","GT:GQ:FL:SP:CLIP5:CLIP3","1/1:27:8:10:7:8","1-Jan","27","8",10,7,8,"MEINFO=ltr-1_family-35.LTR_ERV1","1488891","1488892","NA;NOT_VALIDATED;SVTYPE=INS","74","ltr-1_family-35","LTR",1,13950523
"202",18,"NC_044216.2",16001681,".","g","<INS:ME>","31",".","MEINFO=rnd-1_family-68#Unknown-TEs-hybrid,16001681,16001682,NA;NOT_VALIDATED;SVTYPE=INS","GT:GQ:FL:SP:CLIP5:CLIP3","1/1:31:8:0:10:2","1-Jan","31","8",0,10,2,"MEINFO=rnd-1_family-68.Unknown-TEs-hybrid","16001681","16001682","NA;NOT_VALIDATED;SVTYPE=INS","74","rnd-1_family-68","DNA",1,13950523
"203",6,"NC_044216.2",16001668,".","t","<INS:ME>","40",".","MEINFO=rnd-1_family-68#Unknown-TEs-hybrid,16001668,16001669,NA;NOT_VALIDATED;SVTYPE=INS","GT:GQ:FL:SP:CLIP5:CLIP3","1/1:40:8:0:9:7","1-Jan","40","8",0,9,7,"MEINFO=rnd-1_family-68.Unknown-TEs-hybrid","16001668","16001669","NA;NOT_VALIDATED;SVTYPE=INS","75","rnd-1_family-68","DNA",1,13950523
"204",1170,"NC_044216.2",15833396,".","c","<INS:ME>","24",".","MEINFO=ltr-1_family-35#LTR_ERV1,15833396,15833397,NA;NOT_VALIDATED;SVTYPE=INS","GT:GQ:FL:SP:CLIP5:CLIP3","1/1:24:8:5:1:8","1-Jan","24","8",5,1,8,"MEINFO=ltr-1_family-35.LTR_ERV1","15833396","15833397","NA;NOT_VALIDATED;SVTYPE=INS","75","ltr-1_family-35","LTR",1,13950523
"205",1172,"NC_044216.2",2528276,".","c","<INS:ME>","16",".","MEINFO=rnd-1_family-46#Unknown,2528276,2528277,NA;NOT_VALIDATED;SVTYPE=INS","GT:GQ:FL:SP:CLIP5:CLIP3","1/1:16:8:13:3:2","1-Jan","16","8",13,3,2,"MEINFO=rnd-1_family-46.Unknown","2528276","2528277","NA;NOT_VALIDATED;SVTYPE=INS","75","rnd-1_family-46","LTR",1,13950523
"206",1177,"NC_044216.2",1395432,".","t","<INS:ME>","63",".","MEINFO=rnd-1_family-1#LINE_CR1,1395432,1395433,NA;NOT_VALIDATED;SVTYPE=INS","GT:GQ:FL:SP:CLIP5:CLIP3","1/1:63:8:11:17:30","1-Jan","63","8",11,17,30,"MEINFO=rnd-1_family-1.LINE_CR1","1395432","1395433","NA;NOT_VALIDATED;SVTYPE=INS","75","rnd-1_family-1","LINE",1,13950523
"207",2,"NC_044216.2",15833324,".","c","<INS:ME>","17",".","MEINFO=ltr-1_family-35#LTR_ERV1-TEs-hybrid,15833324,15833325,NA;NOT_VALIDATED;SVTYPE=INS","GT:GQ:FL:SP:CLIP5:CLIP3","1/1:17:8:7:4:3","1-Jan","17","8",7,4,3,"MEINFO=ltr-1_family-35.LTR_ERV1-TEs-hybrid","15833324","15833325","NA;NOT_VALIDATED;SVTYPE=INS","76","ltr-1_family-35","LTR",1,13950523
"208",12,"NC_044216.2",857025,".","a","<INS:ME>","25",".","MEINFO=rnd-5_family-3141#LINE_CR1-TEs-hybrid,857025,857026,NA;NOT_VALIDATED;SVTYPE=INS","GT:GQ:FL:SP:CLIP5:CLIP3","1/1:25:8:12:4:4","1-Jan","25","8",12,4,4,"MEINFO=rnd-5_family-3141.LINE_CR1-TEs-hybrid","857025","857026","NA;NOT_VALIDATED;SVTYPE=INS","76","rnd-5_family-3141","LINE",1,13950523
"209",3,"NC_044216.2",1705635,".","c","<INS:ME>","23",".","MEINFO=rnd-1_family-46#Unknown,1705635,1705636,NA;NOT_VALIDATED;SVTYPE=INS","GT:GQ:FL:SP:CLIP5:CLIP3","1/1:23:8:8:1:4","1-Jan","23","8",8,1,4,"MEINFO=rnd-1_family-46.Unknown","1705635","1705636","NA;NOT_VALIDATED;SVTYPE=INS","77","rnd-1_family-46","LTR",1,13950523
"210",4,"NC_044216.2",1907120,".","a","<INS:ME>","20",".","MEINFO=rnd-1_family-46#Unknown,1907120,1907121,NA;NOT_VALIDATED;SVTYPE=INS","GT:GQ:FL:SP:CLIP5:CLIP3","1/1:20:8:13:4:2","1-Jan","20","8",13,4,2,"MEINFO=rnd-1_family-46.Unknown","1907120","1907121","NA;NOT_VALIDATED;SVTYPE=INS","77","rnd-1_family-46","LTR",1,13950523
"211",1182,"NC_044216.2",16474335,".","a","<INS:ME>","30",".","MEINFO=TEs-rnd-1_family-60#LTR_ERVK-hybrid,16474335,16474336,NA;NOT_VALIDATED;SVTYPE=INS","GT:GQ:FL:SP:CLIP5:CLIP3","1/1:30:8:22:5:6","1-Jan","30","8",22,5,6,"MEINFO=TEs-rnd-1_family-60.LTR_ERVK-hybrid","16474335","16474336","NA;NOT_VALIDATED;SVTYPE=INS","78","TEs-rnd-1_family-60","LTR",1,13950523
"212",1204,"NC_044216.2",15833426,".","t","<INS:ME>","24",".","MEINFO=ltr-1_family-35#LTR_ERV1,15833426,15833427,NA;NOT_VALIDATED;SVTYPE=INS","GT:GQ:FL:SP:CLIP5:CLIP3","1/1:24:8:14:5:2","1-Jan","24","8",14,5,2,"MEINFO=ltr-1_family-35.LTR_ERV1","15833426","15833427","NA;NOT_VALIDATED;SVTYPE=INS","78","ltr-1_family-35","LTR",1,13950523
"213",290,"NC_044216.2",1705683,".","c","<INS:ME>","12",".","MEINFO=rnd-1_family-46#Unknown-TEs-hybrid,1705683,1705684,NA;NOT_VALIDATED;SVTYPE=INS","GT:GQ:FL:SP:CLIP5:CLIP3","1/1:12:8:0:0:0","1-Jan","12","8",0,0,0,"MEINFO=rnd-1_family-46.Unknown-TEs-hybrid","1705683","1705684","NA;NOT_VALIDATED;SVTYPE=INS","82","rnd-1_family-46","LTR",1,13950523
"214",10,"NC_044216.2",5569890,".","a","<INS:ME>","66",".","MEINFO=rnd-1_family-95#LINE_CR1-TEs-hybrid,5569890,5569891,NA;NOT_VALIDATED;SVTYPE=INS","GT:GQ:FL:SP:CLIP5:CLIP3","1/1:66:8:8:30:26","1-Jan","66","8",8,30,26,"MEINFO=rnd-1_family-95.LINE_CR1-TEs-hybrid","5569890","5569891","NA;NOT_VALIDATED;SVTYPE=INS","85","rnd-1_family-95","LINE",1,13950523
"215",19,"NC_044217.2",7015253,".","G","<INS:ME>","29",".","MEINFO=TEs-rnd-4_family-1149#Unknown-hybrid,7015253,7015254,NA;NOT_VALIDATED;SVTYPE=INS","GT:GQ:FL:SP:CLIP5:CLIP3","1/1:29:8:0:6:6","1-Jan","29","8",0,6,6,"MEINFO=TEs-rnd-4_family-1149.Unknown-hybrid","7015253","7015254","NA;NOT_VALIDATED;SVTYPE=INS","18","TEs-rnd-4_family-1149","Unknown",1,41899242
"216",10,"NC_044217.2",59544185,".","a","<INS:ME>","14",".","MEINFO=rnd-1_family-46#Unknown,59544185,59544186,NA;NOT_VALIDATED;SVTYPE=INS","GT:GQ:FL:SP:CLIP5:CLIP3","1/1:14:8:3:1:3","1-Jan","14","8",3,1,3,"MEINFO=rnd-1_family-46.Unknown","59544185","59544186","NA;NOT_VALIDATED;SVTYPE=INS","20","rnd-1_family-46","LTR",1,41899242
"217",1331,"NC_044217.2",55347259,".","G","<INS:ME>","41",".","MEINFO=TEs-ltr-1_family-35#LTR_ERV1-hybrid,55347259,55347260,NA;NOT_VALIDATED;SVTYPE=INS","GT:GQ:FL:SP:CLIP5:CLIP3","1/1:41:8:19:17:9","1-Jan","41","8",19,17,9,"MEINFO=TEs-ltr-1_family-35.LTR_ERV1-hybrid","55347259","55347260","NA;NOT_VALIDATED;SVTYPE=INS","24","TEs-ltr-1_family-35","LTR",1,41899242
"218",1350,"NC_044217.2",3800457,".","g","<INS:ME>","25",".","MEINFO=ltr-1_family-35#LTR_ERV1,3800457,3800458,NA;NOT_VALIDATED;SVTYPE=INS","GT:GQ:FL:SP:CLIP5:CLIP3","1/1:25:8:14:3:1","1-Jan","25","8",14,3,1,"MEINFO=ltr-1_family-35.LTR_ERV1","3800457","3800458","NA;NOT_VALIDATED;SVTYPE=INS","24","ltr-1_family-35","LTR",1,41899242
"219",1351,"NC_044217.2",61006488,".","c","<INS:ME>","19",".","MEINFO=ltr-1_family-35#LTR_ERV1,61006488,61006489,NA;NOT_VALIDATED;SVTYPE=INS","GT:GQ:FL:SP:CLIP5:CLIP3","1/1:19:8:7:2:2","1-Jan","19","8",7,2,2,"MEINFO=ltr-1_family-35.LTR_ERV1","61006488","61006489","NA;NOT_VALIDATED;SVTYPE=INS","24","ltr-1_family-35","LTR",1,41899242
"220",14,"NC_044217.2",2571591,".","a","<INS:ME>","16",".","MEINFO=ltr-1_family-35#LTR_ERV1,2571591,2571592,NA;NOT_VALIDATED;SVTYPE=INS","GT:GQ:FL:SP:CLIP5:CLIP3","1/1:16:8:2:2:1","1-Jan","16","8",2,2,1,"MEINFO=ltr-1_family-35.LTR_ERV1","2571591","2571592","NA;NOT_VALIDATED;SVTYPE=INS","28","ltr-1_family-35","LTR",1,41899242
"221",350,"NC_044217.2",59586396,".","c","<INS:ME>","17",".","MEINFO=rnd-1_family-105#Unknown,59586396,59586397,NA;NOT_VALIDATED;SVTYPE=INS","GT:GQ:FL:SP:CLIP5:CLIP3","1/1:17:8:0:3:1","1-Jan","17","8",0,3,1,"MEINFO=rnd-1_family-105.Unknown","59586396","59586397","NA;NOT_VALIDATED;SVTYPE=INS","31","rnd-1_family-105","LTR",1,41899242
"222",888,"NC_044217.2",60937227,".","c","<INS:ME>","20",".","MEINFO=rnd-1_family-95#LINE_CR1,60937227,60937228,NA;NOT_VALIDATED;SVTYPE=INS","GT:GQ:FL:SP:CLIP5:CLIP3","1/1:20:8:3:5:0","1-Jan","20","8",3,5,0,"MEINFO=rnd-1_family-95.LINE_CR1","60937227","60937228","NA;NOT_VALIDATED;SVTYPE=INS","33","rnd-1_family-95","LINE",1,41899242
"223",904,"NC_044217.2",49552742,".","c","<INS:ME>","47",".","MEINFO=rnd-5_family-10248#Unknown,49552742,49552743,NA;NOT_VALIDATED;SVTYPE=INS","GT:GQ:FL:SP:CLIP5:CLIP3","1/1:47:8:5:22:12","1-Jan","47","8",5,22,12,"MEINFO=rnd-5_family-10248.Unknown","49552742","49552743","NA;NOT_VALIDATED;SVTYPE=INS","33","rnd-5_family-10248","LTR",1,41899242
"224",1,"NC_044217.2",59136355,".","a","<INS:ME>","19",".","MEINFO=rnd-1_family-46#Unknown,59136355,59136356,NA;NOT_VALIDATED;SVTYPE=INS","GT:GQ:FL:SP:CLIP5:CLIP3","1/1:19:8:1:4:0","1-Jan","19","8",1,4,0,"MEINFO=rnd-1_family-46.Unknown","59136355","59136356","NA;NOT_VALIDATED;SVTYPE=INS","34","rnd-1_family-46","LTR",1,41899242
"225",11,"NC_044217.2",3922922,".","G","<INS:ME>","36",".","MEINFO=rnd-5_family-20012#LINE_CR1,3922922,3922923,NA;NOT_VALIDATED;SVTYPE=INS","GT:GQ:FL:SP:CLIP5:CLIP3","1/1:36:8:4:16:2","1-Jan","36","8",4,16,2,"MEINFO=rnd-5_family-20012.LINE_CR1","3922922","3922923","NA;NOT_VALIDATED;SVTYPE=INS","38","rnd-5_family-20012","LINE",1,41899242
"226",30,"NC_044217.2",20147278,".","c","<INS:ME>","16",".","MEINFO=ltr-1_family-3#LTR_ERVL-TEs-hybrid,20147278,20147279,NA;NOT_VALIDATED;SVTYPE=INS","GT:GQ:FL:SP:CLIP5:CLIP3","1/1:16:8:8:3:0","1-Jan","16","8",8,3,0,"MEINFO=ltr-1_family-3.LTR_ERVL-TEs-hybrid","20147278","20147279","NA;NOT_VALIDATED;SVTYPE=INS","38","ltr-1_family-3","LTR",1,41899242
"227",36,"NC_044217.2",60878740,".","c","<INS:ME>","24",".","MEINFO=TEs-rnd-1_family-95#LINE_CR1-hybrid,60878740,60878741,NA;NOT_VALIDATED;SVTYPE=INS","GT:GQ:FL:SP:CLIP5:CLIP3","1/1:24:8:1:3:7","1-Jan","24","8",1,3,7,"MEINFO=TEs-rnd-1_family-95.LINE_CR1-hybrid","60878740","60878741","NA;NOT_VALIDATED;SVTYPE=INS","38","TEs-rnd-1_family-95","LINE",1,41899242
"228",42,"NC_044217.2",60878601,".","t","<INS:ME>","18",".","MEINFO=rnd-1_family-95#LINE_CR1,60878601,60878602,NA;NOT_VALIDATED;SVTYPE=INS","GT:GQ:FL:SP:CLIP5:CLIP3","1/1:18:8:10:4:3","1-Jan","18","8",10,4,3,"MEINFO=rnd-1_family-95.LINE_CR1","60878601","60878602","NA;NOT_VALIDATED;SVTYPE=INS","39","rnd-1_family-95","LINE",1,41899242
"229",3,"NC_044217.2",3880297,".","a","<INS:ME>","17",".","MEINFO=TEs-ltr-1_family-41#LTR_ERVL-hybrid,3880297,3880298,NA;NOT_VALIDATED;SVTYPE=INS","GT:GQ:FL:SP:CLIP5:CLIP3","1/1:17:8:13:3:2","1-Jan","17","8",13,3,2,"MEINFO=TEs-ltr-1_family-41.LTR_ERVL-hybrid","3880297","3880298","NA;NOT_VALIDATED;SVTYPE=INS","43","TEs-ltr-1_family-41","LTR",1,41899242
"230",1168,"NC_044217.2",60878652,".","t","<INS:ME>","26",".","MEINFO=rnd-1_family-95#LINE_CR1,60878652,60878653,NA;NOT_VALIDATED;SVTYPE=INS","GT:GQ:FL:SP:CLIP5:CLIP3","1/1:26:8:8:5:8","1-Jan","26","8",8,5,8,"MEINFO=rnd-1_family-95.LINE_CR1","60878652","60878653","NA;NOT_VALIDATED;SVTYPE=INS","44","rnd-1_family-95","LINE",1,41899242
"231",1169,"NC_044217.2",3922918,".","A","<INS:ME>","29",".","MEINFO=rnd-5_family-20012#LINE_CR1,3922918,3922919,NA;NOT_VALIDATED;SVTYPE=INS","GT:GQ:FL:SP:CLIP5:CLIP3","1/1:29:8:8:10:3","1-Jan","29","8",8,10,3,"MEINFO=rnd-5_family-20012.LINE_CR1","3922918","3922919","NA;NOT_VALIDATED;SVTYPE=INS","44","rnd-5_family-20012","LINE",1,41899242
"232",254,"NC_044217.2",19680156,".","C","<INS:ME>","39",".","MEINFO=rnd-1_family-105#Unknown,19680156,19680157,NA;NOT_VALIDATED;SVTYPE=INS","GT:GQ:FL:SP:CLIP5:CLIP3","1/1:39:8:2:13:9","1-Jan","39","8",2,13,9,"MEINFO=rnd-1_family-105.Unknown","19680156","19680157","NA;NOT_VALIDATED;SVTYPE=INS","47","rnd-1_family-105","LTR",1,41899242
"233",2173,"NC_044217.2",49365874,".","G","<INS:ME>","55",".","MEINFO=rnd-5_family-1332#LTR_ERV,49365874,49365875,NA;NOT_VALIDATED;SVTYPE=INS","GT:GQ:FL:SP:CLIP5:CLIP3","1/1:55:8:0:16:26","1-Jan","55","8",0,16,26,"MEINFO=rnd-5_family-1332.LTR_ERV","49365874","49365875","NA;NOT_VALIDATED;SVTYPE=INS","54","rnd-5_family-1332","LTR",1,41899242
"234",2194,"NC_044217.2",60937164,".","c","<INS:ME>","22",".","MEINFO=rnd-1_family-95#LINE_CR1,60937164,60937165,NA;NOT_VALIDATED;SVTYPE=INS","GT:GQ:FL:SP:CLIP5:CLIP3","1/1:22:8:12:5:1","1-Jan","22","8",12,5,1,"MEINFO=rnd-1_family-95.LINE_CR1","60937164","60937165","NA;NOT_VALIDATED;SVTYPE=INS","54","rnd-1_family-95","LINE",1,41899242
"235",2210,"NC_044217.2",44961968,".","T","<INS:ME>","44",".","MEINFO=TEs-ltr-1_family-47#LINE_CR1-hybrid,44961968,44961969,NA;NOT_VALIDATED;SVTYPE=INS","GT:GQ:FL:SP:CLIP5:CLIP3","1/1:44:8:24:16:6","1-Jan","44","8",24,16,6,"MEINFO=TEs-ltr-1_family-47.LINE_CR1-hybrid","44961968","44961969","NA;NOT_VALIDATED;SVTYPE=INS","54","TEs-ltr-1_family-47","LINE",1,41899242
"236",2235,"NC_044217.2",61119205,".","t","<INS:ME>","48",".","MEINFO=rnd-1_family-46#Unknown,61119205,61119206,NA;NOT_VALIDATED;SVTYPE=INS","GT:GQ:FL:SP:CLIP5:CLIP3","1/1:48:8:6:12:12","1-Jan","48","8",6,12,12,"MEINFO=rnd-1_family-46.Unknown","61119205","61119206","NA;NOT_VALIDATED;SVTYPE=INS","54","rnd-1_family-46","LTR",1,41899242
"237",1209,"NC_044217.2",19680156,".","C","<INS:ME>","51",".","MEINFO=rnd-1_family-105#Unknown,19680156,19680157,NA;NOT_VALIDATED;SVTYPE=INS","GT:GQ:FL:SP:CLIP5:CLIP3","1/1:51:8:2:19:19","1-Jan","51","8",2,19,19,"MEINFO=rnd-1_family-105.Unknown","19680156","19680157","NA;NOT_VALIDATED;SVTYPE=INS","56","rnd-1_family-105","LTR",1,41899242
"238",1211,"NC_044217.2",59539408,".","a","<INS:ME>","25",".","MEINFO=rnd-1_family-46#Unknown,59539408,59539409,NA;NOT_VALIDATED;SVTYPE=INS","GT:GQ:FL:SP:CLIP5:CLIP3","1/1:25:8:9:4:6","1-Jan","25","8",9,4,6,"MEINFO=rnd-1_family-46.Unknown","59539408","59539409","NA;NOT_VALIDATED;SVTYPE=INS","56","rnd-1_family-46","LTR",1,41899242
"239",11,"NC_044217.2",61267257,".","a","<INS:ME>","18",".","MEINFO=rnd-1_family-95#LINE_CR1,61267257,61267258,NA;NOT_VALIDATED;SVTYPE=INS","GT:GQ:FL:SP:CLIP5:CLIP3","1/1:18:8:4:3:0","1-Jan","18","8",4,3,0,"MEINFO=rnd-1_family-95.LINE_CR1","61267257","61267258","NA;NOT_VALIDATED;SVTYPE=INS","57","rnd-1_family-95","LINE",1,41899242
"240",34,"NC_044217.2",51704523,".","t","<INS:ME>","22",".","MEINFO=TEs-ltr-1_family-97#LINE_CR1-hybrid,51704523,51704524,NA;NOT_VALIDATED;SVTYPE=INS","GT:GQ:FL:SP:CLIP5:CLIP3","1/1:22:8:19:8:3","1-Jan","22","8",19,8,3,"MEINFO=TEs-ltr-1_family-97.LINE_CR1-hybrid","51704523","51704524","NA;NOT_VALIDATED;SVTYPE=INS","57","TEs-ltr-1_family-97","LINE",1,41899242
"241",63,"NC_044217.2",49365881,".","A","<INS:ME>","45",".","MEINFO=rnd-5_family-1332#LTR_ERV,49365881,49365882,NA;NOT_VALIDATED;SVTYPE=INS","GT:GQ:FL:SP:CLIP5:CLIP3","1/1:45:8:0:11:9","1-Jan","45","8",0,11,9,"MEINFO=rnd-5_family-1332.LTR_ERV","49365881","49365882","NA;NOT_VALIDATED;SVTYPE=INS","57","rnd-5_family-1332","LTR",1,41899242
"242",30,"NC_044217.2",6366710,".","g","<INS:ME>","25",".","MEINFO=rnd-1_family-50#Unknown,6366710,6366711,NA;NOT_VALIDATED;SVTYPE=INS","GT:GQ:FL:SP:CLIP5:CLIP3","1/1:25:8:12:5:7","1-Jan","25","8",12,5,7,"MEINFO=rnd-1_family-50.Unknown","6366710","6366711","NA;NOT_VALIDATED;SVTYPE=INS","58","rnd-1_family-50","LTR",1,41899242
"243",1034,"NC_044217.2",56333291,".","A","<INS:ME>","51",".","MEINFO=ltr-1_family-38#SINE_5S-Deu-L2,56333291,56333292,NA;NOT_VALIDATED;SVTYPE=INS","GT:GQ:FL:SP:CLIP5:CLIP3","1/1:51:8:5:23:12","1-Jan","51","8",5,23,12,"MEINFO=ltr-1_family-38.SINE_5S-Deu-L2","56333291","56333292","NA;NOT_VALIDATED;SVTYPE=INS","59","ltr-1_family-38","SINE",1,41899242
"244",2,"NC_044217.2",56872470,".","T","<INS:ME>","27",".","MEINFO=ltr-1_family-40#LTR_ERVK-TEs-hybrid,56872470,56872471,NA;NOT_VALIDATED;SVTYPE=INS","GT:GQ:FL:SP:CLIP5:CLIP3","1/1:27:8:11:16:0","1-Jan","27","8",11,16,0,"MEINFO=ltr-1_family-40.LTR_ERVK-TEs-hybrid","56872470","56872471","NA;NOT_VALIDATED;SVTYPE=INS","62","ltr-1_family-40","LTR",1,41899242
"245",6,"NC_044217.2",59166898,".","c","<INS:ME>","42",".","MEINFO=rnd-5_family-3141#LINE_CR1-TEs-hybrid,59166898,59166899,NA;NOT_VALIDATED;SVTYPE=INS","GT:GQ:FL:SP:CLIP5:CLIP3","1/1:42:8:0:17:14","1-Jan","42","8",0,17,14,"MEINFO=rnd-5_family-3141.LINE_CR1-TEs-hybrid","59166898","59166899","NA;NOT_VALIDATED;SVTYPE=INS","62","rnd-5_family-3141","LINE",1,41899242
"246",909,"NC_044217.2",60878628,".","t","<INS:ME>","18",".","MEINFO=rnd-1_family-95#LINE_CR1,60878628,60878629,NA;NOT_VALIDATED;SVTYPE=INS","GT:GQ:FL:SP:CLIP5:CLIP3","1/1:18:8:3:2:4","1-Jan","18","8",3,2,4,"MEINFO=rnd-1_family-95.LINE_CR1","60878628","60878629","NA;NOT_VALIDATED;SVTYPE=INS","66","rnd-1_family-95","LINE",1,41899242
"247",1489,"NC_044217.2",47150988,".","A","<INS:ME>","36",".","MEINFO=ltr-1_family-42#LTR_ERV1,47150988,47150989,NA;NOT_VALIDATED;SVTYPE=INS","GT:GQ:FL:SP:CLIP5:CLIP3","1/1:36:8:8:11:6","1-Jan","36","8",8,11,6,"MEINFO=ltr-1_family-42.LTR_ERV1","47150988","47150989","NA;NOT_VALIDATED;SVTYPE=INS","73","ltr-1_family-42","LTR",1,41899242
"248",1532,"NC_044217.2",59491725,".","a","<INS:ME>","16",".","MEINFO=rnd-1_family-46#Unknown,59491725,59491726,NA;NOT_VALIDATED;SVTYPE=INS","GT:GQ:FL:SP:CLIP5:CLIP3","1/1:16:8:17:0:0","1-Jan","16","8",17,0,0,"MEINFO=rnd-1_family-46.Unknown","59491725","59491726","NA;NOT_VALIDATED;SVTYPE=INS","73","rnd-1_family-46","LTR",1,41899242
"249",17,"NC_044217.2",3460355,".","t","<INS:ME>","26",".","MEINFO=TEs-rnd-5_family-31604#Unknown-hybrid,3460355,3460356,NA;NOT_VALIDATED;SVTYPE=INS","GT:GQ:FL:SP:CLIP5:CLIP3","1/1:26:8:3:4:4","1-Jan","26","8",3,4,4,"MEINFO=TEs-rnd-5_family-31604.Unknown-hybrid","3460355","3460356","NA;NOT_VALIDATED;SVTYPE=INS","76","TEs-rnd-5_family-31604","Unknown",1,41899242
"250",18,"NC_044217.2",61026973,".","t","<INS:ME>","33",".","MEINFO=TEs-rnd-5_family-2061#LTR_ERV1-hybrid,61026973,61026974,NA;NOT_VALIDATED;SVTYPE=INS","GT:GQ:FL:SP:CLIP5:CLIP3","1/1:33:8:2:4:3","1-Jan","33","8",2,4,3,"MEINFO=TEs-rnd-5_family-2061.LTR_ERV1-hybrid","61026973","61026974","NA;NOT_VALIDATED;SVTYPE=INS","76","TEs-rnd-5_family-2061","LTR",1,41899242
"251",1546,"NC_044217.2",61328072,".","t","<INS:ME>","29",".","MEINFO=rnd-1_family-105#Unknown,61328072,61328073,NA;NOT_VALIDATED;SVTYPE=INS","GT:GQ:FL:SP:CLIP5:CLIP3","1/1:29:8:14:12:6","1-Jan","29","8",14,12,6,"MEINFO=rnd-1_family-105.Unknown","61328072","61328073","NA;NOT_VALIDATED;SVTYPE=INS","76","rnd-1_family-105","LTR",1,41899242
"252",8,"NC_044217.2",3887596,".","A","<INS:ME>","21",".","MEINFO=ltr-1_family-41#LTR_ERVL,3887596,3887597,NA;NOT_VALIDATED;SVTYPE=INS","GT:GQ:FL:SP:CLIP5:CLIP3","1/1:21:8:10:2:4","1-Jan","21","8",10,2,4,"MEINFO=ltr-1_family-41.LTR_ERVL","3887596","3887597","NA;NOT_VALIDATED;SVTYPE=INS","81","ltr-1_family-41","LTR",1,41899242
"253",13,"NC_044217.2",8100338,".","g","<INS:ME>","42",".","MEINFO=rnd-1_family-0#LINE_CR1,8100338,8100339,NA;NOT_VALIDATED;SVTYPE=INS","GT:GQ:FL:SP:CLIP5:CLIP3","1/1:42:8:12:11:16","1-Jan","42","8",12,11,16,"MEINFO=rnd-1_family-0.LINE_CR1","8100338","8100339","NA;NOT_VALIDATED;SVTYPE=INS","83","rnd-1_family-0","LINE",1,41899242
"254",1,"NC_044218.2",4676590,".","t","<INS:ME>","16",".","MEINFO=rnd-1_family-0#LINE_CR1,4676590,4676591,NA;NOT_VALIDATED;SVTYPE=INS","GT:GQ:FL:SP:CLIP5:CLIP3","1/1:16:8:2:0:0","1-Jan","16","8",2,0,0,"MEINFO=rnd-1_family-0.LINE_CR1","4676590","4676591","NA;NOT_VALIDATED;SVTYPE=INS","18","rnd-1_family-0","LINE",1,24359070
"255",5,"NC_044218.2",31585899,".","c","<INS:ME>","19",".","MEINFO=rnd-1_family-46#Unknown,31585899,31585900,NA;NOT_VALIDATED;SVTYPE=INS","GT:GQ:FL:SP:CLIP5:CLIP3","1/1:19:8:4:1:4","1-Jan","19","8",4,1,4,"MEINFO=rnd-1_family-46.Unknown","31585899","31585900","NA;NOT_VALIDATED;SVTYPE=INS","18","rnd-1_family-46","LTR",1,24359070
"256",5,"NC_044218.2",33379661,".","t","<INS:ME>","16",".","MEINFO=rnd-1_family-46#Unknown,33379661,33379662,NA;NOT_VALIDATED;SVTYPE=INS","GT:GQ:FL:SP:CLIP5:CLIP3","1/1:16:8:1:0:0","1-Jan","16","8",1,0,0,"MEINFO=rnd-1_family-46.Unknown","33379661","33379662","NA;NOT_VALIDATED;SVTYPE=INS","24","rnd-1_family-46","LTR",1,24359070
"257",1346,"NC_044218.2",31847563,".","A","<INS:ME>","52",".","MEINFO=ltr-1_family-50#LTR_ERV1,31847563,31847564,NA;NOT_VALIDATED;SVTYPE=INS","GT:GQ:FL:SP:CLIP5:CLIP3","1/1:52:8:6:12:13","1-Jan","52","8",6,12,13,"MEINFO=ltr-1_family-50.LTR_ERV1","31847563","31847564","NA;NOT_VALIDATED;SVTYPE=INS","24","ltr-1_family-50","LTR",1,24359070
"258",1,"NC_044218.2",2582574,".","c","<INS:ME>","18",".","MEINFO=ltr-1_family-35#LTR_ERV1-TEs-hybrid,2582574,2582575,NA;NOT_VALIDATED;SVTYPE=INS","GT:GQ:FL:SP:CLIP5:CLIP3","1/1:18:8:4:6:2","1-Jan","18","8",4,6,2,"MEINFO=ltr-1_family-35.LTR_ERV1-TEs-hybrid","2582574","2582575","NA;NOT_VALIDATED;SVTYPE=INS","25","ltr-1_family-35","LTR",1,24359070
"259",1521,"NC_044218.2",5241258,".","a","<INS:ME>","25",".","MEINFO=ltr-1_family-35#LTR_ERV1,5241258,5241259,NA;NOT_VALIDATED;SVTYPE=INS","GT:GQ:FL:SP:CLIP5:CLIP3","1/1:25:8:9:3:7","1-Jan","25","8",9,3,7,"MEINFO=ltr-1_family-35.LTR_ERV1","5241258","5241259","NA;NOT_VALIDATED;SVTYPE=INS","29","ltr-1_family-35","LTR",1,24359070
"260",1542,"NC_044218.2",1325095,".","a","<INS:ME>","75",".","MEINFO=TEs-rnd-5_family-14333#LTR_ERV1-hybrid,1325095,1325096,NA;NOT_VALIDATED;SVTYPE=INS","GT:GQ:FL:SP:CLIP5:CLIP3","1/1:75:8:0:24:26","1-Jan","75","8",0,24,26,"MEINFO=TEs-rnd-5_family-14333.LTR_ERV1-hybrid","1325095","1325096","NA;NOT_VALIDATED;SVTYPE=INS","29","TEs-rnd-5_family-14333","LTR",1,24359070
"261",1543,"NC_044218.2",3535293,".","A","<INS:ME>","20",".","MEINFO=TEs-rnd-4_family-8527#LTR_ERV1-hybrid,3535293,3535294,NA;NOT_VALIDATED;SVTYPE=INS","GT:GQ:FL:SP:CLIP5:CLIP3","1/1:20:8:8:4:4","1-Jan","20","8",8,4,4,"MEINFO=TEs-rnd-4_family-8527.LTR_ERV1-hybrid","3535293","3535294","NA;NOT_VALIDATED;SVTYPE=INS","29","TEs-rnd-4_family-8527","LTR",1,24359070
"262",905,"NC_044218.2",26710472,".","C","<INS:ME>","31",".","MEINFO=ltr-1_family-68#LTR_ERVK,26710472,26710473,NA;NOT_VALIDATED;SVTYPE=INS","GT:GQ:FL:SP:CLIP5:CLIP3","1/1:31:8:0:11:8","1-Jan","31","8",0,11,8,"MEINFO=ltr-1_family-68.LTR_ERVK","26710472","26710473","NA;NOT_VALIDATED;SVTYPE=INS","33","ltr-1_family-68","LTR",1,24359070
"263",14,"NC_044218.2",33493584,".","a","<INS:ME>","12",".","MEINFO=rnd-1_family-46#Unknown,33493584,33493585,NA;NOT_VALIDATED;SVTYPE=INS","GT:GQ:FL:SP:CLIP5:CLIP3","1/1:12:8:4:1:0","1-Jan","12","8",4,1,0,"MEINFO=rnd-1_family-46.Unknown","33493584","33493585","NA;NOT_VALIDATED;SVTYPE=INS","39","rnd-1_family-46","LTR",1,24359070
"264",17,"NC_044218.2",33462005,".","C","<INS:ME>","30",".","MEINFO=ltr-1_family-58#LTR_ERV1,33462005,33462006,NA;NOT_VALIDATED;SVTYPE=INS","GT:GQ:FL:SP:CLIP5:CLIP3","1/1:30:8:2:15:5","1-Jan","30","8",2,15,5,"MEINFO=ltr-1_family-58.LTR_ERV1","33462005","33462006","NA;NOT_VALIDATED;SVTYPE=INS","39","ltr-1_family-58","LTR",1,24359070
"265",19,"NC_044218.2",3172374,".","t","<INS:ME>","21",".","MEINFO=rnd-4_family-1092#Unknown,3172374,3172375,NA;NOT_VALIDATED;SVTYPE=INS","GT:GQ:FL:SP:CLIP5:CLIP3","1/1:21:8:19:2:2","1-Jan","21","8",19,2,2,"MEINFO=rnd-4_family-1092.Unknown","3172374","3172375","NA;NOT_VALIDATED;SVTYPE=INS","39","rnd-4_family-1092","LTR",1,24359070
"266",38,"NC_044218.2",2639468,".","g","<INS:ME>","32",".","MEINFO=ltr-1_family-35#LTR_ERV1,2639468,2639469,NA;NOT_VALIDATED;SVTYPE=INS","GT:GQ:FL:SP:CLIP5:CLIP3","1/1:32:8:11:5:0","1-Jan","32","8",11,5,0,"MEINFO=ltr-1_family-35.LTR_ERV1","2639468","2639469","NA;NOT_VALIDATED;SVTYPE=INS","39","ltr-1_family-35","LTR",1,24359070
"267",43,"NC_044218.2",5961906,".","G","<INS:ME>","62",".","MEINFO=ltr-1_family-40#LTR_ERVK,5961906,5961907,NA;NOT_VALIDATED;SVTYPE=INS","GT:GQ:FL:SP:CLIP5:CLIP3","1/1:62:8:4:31:19","1-Jan","62","8",4,31,19,"MEINFO=ltr-1_family-40.LTR_ERVK","5961906","5961907","NA;NOT_VALIDATED;SVTYPE=INS","39","ltr-1_family-40","LTR",1,24359070
"268",21,"NC_044218.2",31835028,".","C","<INS:ME>","59",".","MEINFO=rnd-5_family-10137#LINE_CR1-rnd-5_family-9360#LINE_CR1-hybrid,31835028,31835029,NA;NOT_VALIDATED;SVTYPE=INS","GT:GQ:FL:SP:CLIP5:CLIP3","1/1:59:8:0:22:23","1-Jan","59","8",0,22,23,"MEINFO=rnd-5_family-10137.LINE_CR1-rnd-5_family-9360.LINE_CR1-hybrid","31835028","31835029","NA;NOT_VALIDATED;SVTYPE=INS","40","rnd-5_family-10137","LINE",1,24359070
"269",25,"NC_044218.2",1325094,".","a","<INS:ME>","59",".","MEINFO=TEs-rnd-5_family-14333#LTR_ERV1-hybrid,1325094,1325095,NA;NOT_VALIDATED;SVTYPE=INS","GT:GQ:FL:SP:CLIP5:CLIP3","1/1:59:8:0:23:18","1-Jan","59","8",0,23,18,"MEINFO=TEs-rnd-5_family-14333.LTR_ERV1-hybrid","1325094","1325095","NA;NOT_VALIDATED;SVTYPE=INS","40","TEs-rnd-5_family-14333","LTR",1,24359070
"270",26,"NC_044218.2",24413441,".","C","<INS:ME>","37",".","MEINFO=TEs-rnd-5_family-10533#Unknown-hybrid,24413441,24413442,NA;NOT_VALIDATED;SVTYPE=INS","GT:GQ:FL:SP:CLIP5:CLIP3","1/1:37:8:0:9:9","1-Jan","37","8",0,9,9,"MEINFO=TEs-rnd-5_family-10533.Unknown-hybrid","24413441","24413442","NA;NOT_VALIDATED;SVTYPE=INS","40","TEs-rnd-5_family-10533","LTR",1,24359070
"271",321,"NC_044218.2",31847563,".","A","<INS:ME>","40",".","MEINFO=ltr-1_family-50#LTR_ERV1,31847563,31847564,NA;NOT_VALIDATED;SVTYPE=INS","GT:GQ:FL:SP:CLIP5:CLIP3","1/1:40:8:1:18:8","1-Jan","40","8",1,18,8,"MEINFO=ltr-1_family-50.LTR_ERV1","31847563","31847564","NA;NOT_VALIDATED;SVTYPE=INS","43","ltr-1_family-50","LTR",1,24359070
"272",343,"NC_044218.2",34219784,".","c","<INS:ME>","26",".","MEINFO=rnd-1_family-46#Unknown,34219784,34219785,NA;NOT_VALIDATED;SVTYPE=INS","GT:GQ:FL:SP:CLIP5:CLIP3","1/1:26:8:11:2:8","1-Jan","26","8",11,2,8,"MEINFO=rnd-1_family-46.Unknown","34219784","34219785","NA;NOT_VALIDATED;SVTYPE=INS","48","rnd-1_family-46","LTR",1,24359070
"273",344,"NC_044218.2",34656321,".","c","<INS:ME>","17",".","MEINFO=rnd-1_family-46#Unknown,34656321,34656322,NA;NOT_VALIDATED;SVTYPE=INS","GT:GQ:FL:SP:CLIP5:CLIP3","1/1:17:8:7:1:2","1-Jan","17","8",7,1,2,"MEINFO=rnd-1_family-46.Unknown","34656321","34656322","NA;NOT_VALIDATED;SVTYPE=INS","48","rnd-1_family-46","LTR",1,24359070
"274",2,"NC_044218.2",31071771,".","t","<INS:ME>","26",".","MEINFO=rnd-1_family-60#LTR_ERVK,31071771,31071772,NA;NOT_VALIDATED;SVTYPE=INS","GT:GQ:FL:SP:CLIP5:CLIP3","1/1:26:8:6:9:0","1-Jan","26","8",6,9,0,"MEINFO=rnd-1_family-60.LTR_ERVK","31071771","31071772","NA;NOT_VALIDATED;SVTYPE=INS","54","rnd-1_family-60","LTR",1,24359070
"275",2196,"NC_044218.2",32289256,".","c","<INS:ME>","21",".","MEINFO=ltr-1_family-35#LTR_ERV1-TEs-hybrid,32289256,32289257,NA;NOT_VALIDATED;SVTYPE=INS","GT:GQ:FL:SP:CLIP5:CLIP3","1/1:21:8:7:7:0","1-Jan","21","8",7,7,0,"MEINFO=ltr-1_family-35.LTR_ERV1-TEs-hybrid","32289256","32289257","NA;NOT_VALIDATED;SVTYPE=INS","54","ltr-1_family-35","LTR",1,24359070
"276",2199,"NC_044218.2",32776711,".","c","<INS:ME>","35",".","MEINFO=rnd-1_family-46#Unknown-TEs-hybrid,32776711,32776712,NA;NOT_VALIDATED;SVTYPE=INS","GT:GQ:FL:SP:CLIP5:CLIP3","1/1:35:8:20:12:13","1-Jan","35","8",20,12,13,"MEINFO=rnd-1_family-46.Unknown-TEs-hybrid","32776711","32776712","NA;NOT_VALIDATED;SVTYPE=INS","54","rnd-1_family-46","LTR",1,24359070
"277",12,"NC_044218.2",1325094,".","a","<INS:ME>","37",".","MEINFO=TEs-rnd-5_family-14333#LTR_ERV1-hybrid,1325094,1325095,NA;NOT_VALIDATED;SVTYPE=INS","GT:GQ:FL:SP:CLIP5:CLIP3","1/1:37:8:0:11:9","1-Jan","37","8",0,11,9,"MEINFO=TEs-rnd-5_family-14333.LTR_ERV1-hybrid","1325094","1325095","NA;NOT_VALIDATED;SVTYPE=INS","55","TEs-rnd-5_family-14333","LTR",1,24359070
"278",3,"NC_044218.2",5241290,".","g","<INS:ME>","36",".","MEINFO=ltr-1_family-35#LTR_ERV1,5241290,5241291,NA;NOT_VALIDATED;SVTYPE=INS","GT:GQ:FL:SP:CLIP5:CLIP3","1/1:36:8:4:6:10","1-Jan","36","8",4,6,10,"MEINFO=ltr-1_family-35.LTR_ERV1","5241290","5241291","NA;NOT_VALIDATED;SVTYPE=INS","56","ltr-1_family-35","LTR",1,24359070
"279",13,"NC_044218.2",2582645,".","c","<INS:ME>","24",".","MEINFO=ltr-1_family-35#LTR_ERV1-TEs-hybrid,2582645,2582646,NA;NOT_VALIDATED;SVTYPE=INS","GT:GQ:FL:SP:CLIP5:CLIP3","1/1:24:8:12:6:6","1-Jan","24","8",12,6,6,"MEINFO=ltr-1_family-35.LTR_ERV1-TEs-hybrid","2582645","2582646","NA;NOT_VALIDATED;SVTYPE=INS","57","ltr-1_family-35","LTR",1,24359070
"280",23,"NC_044218.2",32072596,".","g","<INS:ME>","56",".","MEINFO=rnd-4_family-1092#Unknown-rnd-5_family-7067#LTR_ERVK-hybrid,32072596,32072597,NA;NOT_VALIDATED;SVTYPE=INS","GT:GQ:FL:SP:CLIP5:CLIP3","1/1:56:8:0:25:17","1-Jan","56","8",0,25,17,"MEINFO=rnd-4_family-1092.Unknown-rnd-5_family-7067.LTR_ERVK-hybrid","32072596","32072597","NA;NOT_VALIDATED;SVTYPE=INS","57","rnd-4_family-1092","LTR",1,24359070
"281",1361,"NC_044218.2",33399177,".","a","<INS:ME>","25",".","MEINFO=rnd-1_family-46#Unknown,33399177,33399178,NA;NOT_VALIDATED;SVTYPE=INS","GT:GQ:FL:SP:CLIP5:CLIP3","1/1:25:8:16:3:2","1-Jan","25","8",16,3,2,"MEINFO=rnd-1_family-46.Unknown","33399177","33399178","NA;NOT_VALIDATED;SVTYPE=INS","58","rnd-1_family-46","LTR",1,24359070
"282",2,"NC_044218.2",30055933,".","t","<INS:ME>","27",".","MEINFO=ltr-1_family-4#LTR_ERVL,30055933,30055934,NA;NOT_VALIDATED;SVTYPE=INS","GT:GQ:FL:SP:CLIP5:CLIP3","1/1:27:8:7:7:7","1-Jan","27","8",7,7,7,"MEINFO=ltr-1_family-4.LTR_ERVL","30055933","30055934","NA;NOT_VALIDATED;SVTYPE=INS","59","ltr-1_family-4","LTR",1,24359070
"283",5,"NC_044218.2",31835017,".","T","<INS:ME>","39",".","MEINFO=rnd-5_family-10137#LINE_CR1-rnd-5_family-9360#LINE_CR1-hybrid,31835017,31835018,NA;NOT_VALIDATED;SVTYPE=INS","GT:GQ:FL:SP:CLIP5:CLIP3","1/1:39:8:0:14:12","1-Jan","39","8",0,14,12,"MEINFO=rnd-5_family-10137.LINE_CR1-rnd-5_family-9360.LINE_CR1-hybrid","31835017","31835018","NA;NOT_VALIDATED;SVTYPE=INS","62","rnd-5_family-10137","LINE",1,24359070
"284",1487,"NC_044218.2",3270618,".","a","<INS:ME>","28",".","MEINFO=ltr-1_family-35#LTR_ERV1,3270618,3270619,NA;NOT_VALIDATED;SVTYPE=INS","GT:GQ:FL:SP:CLIP5:CLIP3","1/1:28:8:6:3:3","1-Jan","28","8",6,3,3,"MEINFO=ltr-1_family-35.LTR_ERV1","3270618","3270619","NA;NOT_VALIDATED;SVTYPE=INS","73","ltr-1_family-35","LTR",1,24359070
"285",1503,"NC_044218.2",12522197,".","A","<INS:ME>","42",".","MEINFO=rnd-5_family-793#Unknown-TEs-hybrid,12522197,12522198,NA;NOT_VALIDATED;SVTYPE=INS","GT:GQ:FL:SP:CLIP5:CLIP3","1/1:42:8:0:7:13","1-Jan","42","8",0,7,13,"MEINFO=rnd-5_family-793.Unknown-TEs-hybrid","12522197","12522198","NA;NOT_VALIDATED;SVTYPE=INS","73","rnd-5_family-793","Unknown",1,24359070
"286",1510,"NC_044218.2",1325093,".","g","<INS:ME>","39",".","MEINFO=TEs-rnd-5_family-14333#LTR_ERV1-hybrid,1325093,1325094,NA;NOT_VALIDATED;SVTYPE=INS","GT:GQ:FL:SP:CLIP5:CLIP3","1/1:39:8:0:7:10","1-Jan","39","8",0,7,10,"MEINFO=TEs-rnd-5_family-14333.LTR_ERV1-hybrid","1325093","1325094","NA;NOT_VALIDATED;SVTYPE=INS","73","TEs-rnd-5_family-14333","LTR",1,24359070
"287",1511,"NC_044218.2",14854881,".","a","<INS:ME>","43",".","MEINFO=TEs-ltr-1_family-32#LINE_CR1-hybrid,14854881,14854882,NA;NOT_VALIDATED;SVTYPE=INS","GT:GQ:FL:SP:CLIP5:CLIP3","1/1:43:8:0:19:7","1-Jan","43","8",0,19,7,"MEINFO=TEs-ltr-1_family-32.LINE_CR1-hybrid","14854881","14854882","NA;NOT_VALIDATED;SVTYPE=INS","73","TEs-ltr-1_family-32","LINE",1,24359070
"288",8,"NC_044218.2",31529688,".","g","<INS:ME>","34",".","MEINFO=rnd-5_family-20012#LINE_CR1-TEs-hybrid,31529688,31529689,NA;NOT_VALIDATED;SVTYPE=INS","GT:GQ:FL:SP:CLIP5:CLIP3","1/1:34:8:0:16:3","1-Jan","34","8",0,16,3,"MEINFO=rnd-5_family-20012.LINE_CR1-TEs-hybrid","31529688","31529689","NA;NOT_VALIDATED;SVTYPE=INS","75","rnd-5_family-20012","LINE",1,24359070
"289",19,"NC_044218.2",1325095,".","a","<INS:ME>","58",".","MEINFO=TEs-rnd-5_family-14333#LTR_ERV1-hybrid,1325095,1325096,NA;NOT_VALIDATED;SVTYPE=INS","GT:GQ:FL:SP:CLIP5:CLIP3","1/1:58:8:0:14:19","1-Jan","58","8",0,14,19,"MEINFO=TEs-rnd-5_family-14333.LTR_ERV1-hybrid","1325095","1325096","NA;NOT_VALIDATED;SVTYPE=INS","76","TEs-rnd-5_family-14333","LTR",1,24359070
"290",25,"NC_044218.2",3172478,".","a","<INS:ME>","25",".","MEINFO=rnd-4_family-1092#Unknown,3172478,3172479,NA;NOT_VALIDATED;SVTYPE=INS","GT:GQ:FL:SP:CLIP5:CLIP3","1/1:25:8:21:5:3","1-Jan","25","8",21,5,3,"MEINFO=rnd-4_family-1092.Unknown","3172478","3172479","NA;NOT_VALIDATED;SVTYPE=INS","76","rnd-4_family-1092","LTR",1,24359070
"291",26,"NC_044218.2",5062301,".","c","<INS:ME>","28",".","MEINFO=ltr-1_family-35#LTR_ERV1,5062301,5062302,NA;NOT_VALIDATED;SVTYPE=INS","GT:GQ:FL:SP:CLIP5:CLIP3","1/1:28:8:7:8:0","1-Jan","28","8",7,8,0,"MEINFO=ltr-1_family-35.LTR_ERV1","5062301","5062302","NA;NOT_VALIDATED;SVTYPE=INS","76","ltr-1_family-35","LTR",1,24359070
"292",1557,"NC_044218.2",34753029,".","g","<INS:ME>","39",".","MEINFO=rnd-1_family-0#LINE_CR1,34753029,34753030,NA;NOT_VALIDATED;SVTYPE=INS","GT:GQ:FL:SP:CLIP5:CLIP3","1/1:39:8:16:0:20","1-Jan","39","8",16,0,20,"MEINFO=rnd-1_family-0.LINE_CR1","34753029","34753030","NA;NOT_VALIDATED;SVTYPE=INS","76","rnd-1_family-0","LINE",1,24359070
"293",16,"NC_044218.2",34601184,".","c","<INS:ME>","23",".","MEINFO=ltr-1_family-60#LTR_ERV1,34601184,34601185,NA;NOT_VALIDATED;SVTYPE=INS","GT:GQ:FL:SP:CLIP5:CLIP3","1/1:23:8:5:4:7","1-Jan","23","8",5,4,7,"MEINFO=ltr-1_family-60.LTR_ERV1","34601184","34601185","NA;NOT_VALIDATED;SVTYPE=INS","77","ltr-1_family-60","LTR",1,24359070
"294",5,"NC_044218.2",31847562,".","T","<INS:ME>","39",".","MEINFO=ltr-1_family-50#LTR_ERV1,31847562,31847563,NA;NOT_VALIDATED;SVTYPE=INS","GT:GQ:FL:SP:CLIP5:CLIP3","1/1:39:8:4:11:15","1-Jan","39","8",4,11,15,"MEINFO=ltr-1_family-50.LTR_ERV1","31847562","31847563","NA;NOT_VALIDATED;SVTYPE=INS","78","ltr-1_family-50","LTR",1,24359070
"295",6,"NC_044218.2",3172546,".","T","<INS:ME>","31",".","MEINFO=rnd-4_family-1092#Unknown,3172546,3172547,NA;NOT_VALIDATED;SVTYPE=INS","GT:GQ:FL:SP:CLIP5:CLIP3","1/1:31:8:20:13:3","1-Jan","31","8",20,13,3,"MEINFO=rnd-4_family-1092.Unknown","3172546","3172547","NA;NOT_VALIDATED;SVTYPE=INS","78","rnd-4_family-1092","LTR",1,24359070
"296",1177,"NC_044218.2",33380908,".","c","<INS:ME>","45",".","MEINFO=rnd-4_family-1116#LTR_ERVL-rnd-1_family-60#LTR_ERVK-hybrid,33380908,33380909,NA;NOT_VALIDATED;SVTYPE=INS","GT:GQ:FL:SP:CLIP5:CLIP3","1/1:45:8:4:19:7","1-Jan","45","8",4,19,7,"MEINFO=rnd-4_family-1116.LTR_ERVL-rnd-1_family-60.LTR_ERVK-hybrid","33380908","33380909","NA;NOT_VALIDATED;SVTYPE=INS","78","rnd-4_family-1116","LTR",1,24359070
"297",1183,"NC_044218.2",3553026,".","c","<INS:ME>","18",".","MEINFO=TEs-rnd-1_family-86#Unknown-hybrid,3553026,3553027,NA;NOT_VALIDATED;SVTYPE=INS","GT:GQ:FL:SP:CLIP5:CLIP3","1/1:18:8:12:4:1","1-Jan","18","8",12,4,1,"MEINFO=TEs-rnd-1_family-86.Unknown-hybrid","3553026","3553027","NA;NOT_VALIDATED;SVTYPE=INS","78","TEs-rnd-1_family-86","LTR",1,24359070
"298",7,"NC_044218.2",33554641,".","G","<INS:ME>","13",".","MEINFO=ltr-1_family-35#LTR_ERV1,33554641,33554642,NA;NOT_VALIDATED;SVTYPE=INS","GT:GQ:FL:SP:CLIP5:CLIP3","1/1:13:8:8:1:0","1-Jan","13","8",8,1,0,"MEINFO=ltr-1_family-35.LTR_ERV1","33554641","33554642","NA;NOT_VALIDATED;SVTYPE=INS","85","ltr-1_family-35","LTR",1,24359070
"299",14,"NC_044218.2",5062265,".","a","<INS:ME>","23",".","MEINFO=TEs-ltr-1_family-35#LTR_ERV1-hybrid,5062265,5062266,NA;NOT_VALIDATED;SVTYPE=INS","GT:GQ:FL:SP:CLIP5:CLIP3","1/1:23:8:9:4:1","1-Jan","23","8",9,4,1,"MEINFO=TEs-ltr-1_family-35.LTR_ERV1-hybrid","5062265","5062266","NA;NOT_VALIDATED;SVTYPE=INS","85","TEs-ltr-1_family-35","LTR",1,24359070
"300",363,"NC_044219.2",36079264,".","a","<INS:ME>","17",".","MEINFO=ltr-1_family-35#LTR_ERV1,36079264,36079265,NA;NOT_VALIDATED;SVTYPE=INS","GT:GQ:FL:SP:CLIP5:CLIP3","1/1:17:8:5:0:1","1-Jan","17","8",5,0,1,"MEINFO=ltr-1_family-35.LTR_ERV1","36079264","36079265","NA;NOT_VALIDATED;SVTYPE=INS","25","ltr-1_family-35","LTR",1,26015544
"301",685,"NC_044219.2",35563161,".","A","<INS:ME>","18",".","MEINFO=ltr-1_family-35#LTR_ERV1-TEs-hybrid,35563161,35563162,NA;NOT_VALIDATED;SVTYPE=INS","GT:GQ:FL:SP:CLIP5:CLIP3","1/1:18:8:11:2:2","1-Jan","18","8",11,2,2,"MEINFO=ltr-1_family-35.LTR_ERV1-TEs-hybrid","35563161","35563162","NA;NOT_VALIDATED;SVTYPE=INS","27","ltr-1_family-35","LTR",1,26015544
"302",686,"NC_044219.2",18728634,".","T","<INS:ME>","35",".","MEINFO=ltr-1_family-40#LTR_ERVK-ltr-1_family-97#LINE_CR1-hybrid,18728634,18728635,NA;NOT_VALIDATED;SVTYPE=INS","GT:GQ:FL:SP:CLIP5:CLIP3","1/1:35:8:0:7:12","1-Jan","35","8",0,7,12,"MEINFO=ltr-1_family-40.LTR_ERVK-ltr-1_family-97.LINE_CR1-hybrid","18728634","18728635","NA;NOT_VALIDATED;SVTYPE=INS","27","ltr-1_family-40","LINE",1,26015544
"303",1532,"NC_044219.2",36947565,".","G","<INS:ME>","29",".","MEINFO=rnd-4_family-136#LTR_ERVL-TEs-hybrid,36947565,36947566,NA;NOT_VALIDATED;SVTYPE=INS","GT:GQ:FL:SP:CLIP5:CLIP3","1/1:29:8:0:10:7","1-Jan","29","8",0,10,7,"MEINFO=rnd-4_family-136.LTR_ERVL-TEs-hybrid","36947565","36947566","NA;NOT_VALIDATED;SVTYPE=INS","29","rnd-4_family-136","LTR",1,26015544
"304",1535,"NC_044219.2",35503819,".","t","<INS:ME>","44",".","MEINFO=rnd-5_family-10248#Unknown-TEs-hybrid,35503819,35503820,NA;NOT_VALIDATED;SVTYPE=INS","GT:GQ:FL:SP:CLIP5:CLIP3","1/1:44:8:0:17:0","1-Jan","44","8",0,17,0,"MEINFO=rnd-5_family-10248.Unknown-TEs-hybrid","35503819","35503820","NA;NOT_VALIDATED;SVTYPE=INS","29","rnd-5_family-10248","LTR",1,26015544
"305",1541,"NC_044219.2",27234136,".","a","<INS:ME>","60",".","MEINFO=rnd-5_family-9360#LINE_CR1-TEs-hybrid,27234136,27234137,NA;NOT_VALIDATED;SVTYPE=INS","GT:GQ:FL:SP:CLIP5:CLIP3","1/1:60:8:8:25:21","1-Jan","60","8",8,25,21,"MEINFO=rnd-5_family-9360.LINE_CR1-TEs-hybrid","27234136","27234137","NA;NOT_VALIDATED;SVTYPE=INS","29","rnd-5_family-9360","LINE",1,26015544
"306",20,"NC_044219.2",35956584,".","t","<INS:ME>","28",".","MEINFO=rnd-1_family-5#LINE_CR1,35956584,35956585,NA;NOT_VALIDATED;SVTYPE=INS","GT:GQ:FL:SP:CLIP5:CLIP3","1/1:28:8:8:6:8","1-Jan","28","8",8,6,8,"MEINFO=rnd-1_family-5.LINE_CR1","35956584","35956585","NA;NOT_VALIDATED;SVTYPE=INS","39","rnd-1_family-5","LINE",1,26015544
"307",3,"NC_044219.2",32369409,".","G","<INS:ME>","62",".","MEINFO=rnd-4_family-1262#LTR_ERV1,32369409,32369410,NA;NOT_VALIDATED;SVTYPE=INS","GT:GQ:FL:SP:CLIP5:CLIP3","1/1:62:8:3:25:20","1-Jan","62","8",3,25,20,"MEINFO=rnd-4_family-1262.LTR_ERV1","32369409","32369410","NA;NOT_VALIDATED;SVTYPE=INS","40","rnd-4_family-1262","LTR",1,26015544
"308",16,"NC_044219.2",16975722,".","t","<INS:ME>","32",".","MEINFO=ltr-1_family-74#LTR_ERV1-TEs-hybrid,16975722,16975723,NA;NOT_VALIDATED;SVTYPE=INS","GT:GQ:FL:SP:CLIP5:CLIP3","1/1:32:8:0:4:14","1-Jan","32","8",0,4,14,"MEINFO=ltr-1_family-74.LTR_ERV1-TEs-hybrid","16975722","16975723","NA;NOT_VALIDATED;SVTYPE=INS","40","ltr-1_family-74","LTR",1,26015544
"309",18,"NC_044219.2",2397917,".","G","<INS:ME>","32",".","MEINFO=rnd-1_family-34#LTR_ERVL-TEs-hybrid,2397917,2397918,NA;NOT_VALIDATED;SVTYPE=INS","GT:GQ:FL:SP:CLIP5:CLIP3","1/1:32:8:0:6:15","1-Jan","32","8",0,6,15,"MEINFO=rnd-1_family-34.LTR_ERVL-TEs-hybrid","2397917","2397918","NA;NOT_VALIDATED;SVTYPE=INS","40","rnd-1_family-34","LTR",1,26015544
"310",13,"NC_044219.2",26520208,".","t","<INS:ME>","24",".","MEINFO=ltr-1_family-35#LTR_ERV1,26520208,26520209,NA;NOT_VALIDATED;SVTYPE=INS","GT:GQ:FL:SP:CLIP5:CLIP3","1/1:24:8:18:6:2","1-Jan","24","8",18,6,2,"MEINFO=ltr-1_family-35.LTR_ERV1","26520208","26520209","NA;NOT_VALIDATED;SVTYPE=INS","44","ltr-1_family-35","LTR",1,26015544
"311",268,"NC_044219.2",35563221,".","t","<INS:ME>","12",".","MEINFO=ltr-1_family-35#LTR_ERV1-TEs-hybrid,35563221,35563222,NA;NOT_VALIDATED;SVTYPE=INS","GT:GQ:FL:SP:CLIP5:CLIP3","1/1:12:8:2:2:0","1-Jan","12","8",2,2,0,"MEINFO=ltr-1_family-35.LTR_ERV1-TEs-hybrid","35563221","35563222","NA;NOT_VALIDATED;SVTYPE=INS","45","ltr-1_family-35","LTR",1,26015544
"312",309,"NC_044219.2",35503847,".","c","<INS:ME>","20",".","MEINFO=rnd-5_family-10248#Unknown-TEs-hybrid,35503847,35503848,NA;NOT_VALIDATED;SVTYPE=INS","GT:GQ:FL:SP:CLIP5:CLIP3","1/1:20:8:3:9:0","1-Jan","20","8",3,9,0,"MEINFO=rnd-5_family-10248.Unknown-TEs-hybrid","35503847","35503848","NA;NOT_VALIDATED;SVTYPE=INS","46","rnd-5_family-10248","LTR",1,26015544
"313",334,"NC_044219.2",37353319,".","t","<INS:ME>","28",".","MEINFO=ltr-1_family-35#LTR_ERV1,37353319,37353320,NA;NOT_VALIDATED;SVTYPE=INS","GT:GQ:FL:SP:CLIP5:CLIP3","1/1:28:8:7:5:7","1-Jan","28","8",7,5,7,"MEINFO=ltr-1_family-35.LTR_ERV1","37353319","37353320","NA;NOT_VALIDATED;SVTYPE=INS","48","ltr-1_family-35","LTR",1,26015544
"314",2197,"NC_044219.2",13089336,".","C","<INS:ME>","36",".","MEINFO=ltr-1_family-3#LTR_ERVL-TEs-hybrid,13089336,13089337,NA;NOT_VALIDATED;SVTYPE=INS","GT:GQ:FL:SP:CLIP5:CLIP3","1/1:36:8:15:12:6","1-Jan","36","8",15,12,6,"MEINFO=ltr-1_family-3.LTR_ERVL-TEs-hybrid","13089336","13089337","NA;NOT_VALIDATED;SVTYPE=INS","54","ltr-1_family-3","LTR",1,26015544
"315",2201,"NC_044219.2",36838056,".","c","<INS:ME>","29",".","MEINFO=rnd-1_family-60#LTR_ERVK-TEs-hybrid,36838056,36838057,NA;NOT_VALIDATED;SVTYPE=INS","GT:GQ:FL:SP:CLIP5:CLIP3","1/1:29:8:1:6:5","1-Jan","29","8",1,6,5,"MEINFO=rnd-1_family-60.LTR_ERVK-TEs-hybrid","36838056","36838057","NA;NOT_VALIDATED;SVTYPE=INS","54","rnd-1_family-60","LTR",1,26015544
"316",2211,"NC_044219.2",18690633,".","a","<INS:ME>","55",".","MEINFO=TEs-ltr-1_family-85#LTR_ERVK-hybrid,18690633,18690634,NA;NOT_VALIDATED;SVTYPE=INS","GT:GQ:FL:SP:CLIP5:CLIP3","1/1:55:8:0:4:23","1-Jan","55","8",0,4,23,"MEINFO=TEs-ltr-1_family-85.LTR_ERVK-hybrid","18690633","18690634","NA;NOT_VALIDATED;SVTYPE=INS","54","TEs-ltr-1_family-85","LTR",1,26015544
"317",9,"NC_044219.2",16975712,".","T","<INS:ME>","32",".","MEINFO=ltr-1_family-74#LTR_ERV1-TEs-hybrid,16975712,16975713,NA;NOT_VALIDATED;SVTYPE=INS","GT:GQ:FL:SP:CLIP5:CLIP3","1/1:32:8:0:5:15","1-Jan","32","8",0,5,15,"MEINFO=ltr-1_family-74.LTR_ERV1-TEs-hybrid","16975712","16975713","NA;NOT_VALIDATED;SVTYPE=INS","55","ltr-1_family-74","LTR",1,26015544
"318",1205,"NC_044219.2",24290159,".","T","<INS:ME>","18",".","MEINFO=rnd-1_family-59#LTR_ERVK,24290159,24290160,NA;NOT_VALIDATED;SVTYPE=INS","GT:GQ:FL:SP:CLIP5:CLIP3","1/1:18:8:16:1:2","1-Jan","18","8",16,1,2,"MEINFO=rnd-1_family-59.LTR_ERVK","24290159","24290160","NA;NOT_VALIDATED;SVTYPE=INS","56","rnd-1_family-59","LTR",1,26015544
"319",1207,"NC_044219.2",36969651,".","c","<INS:ME>","42",".","MEINFO=rnd-1_family-0#LINE_CR1,36969651,36969652,NA;NOT_VALIDATED;SVTYPE=INS","GT:GQ:FL:SP:CLIP5:CLIP3","1/1:42:8:5:10:12","1-Jan","42","8",5,10,12,"MEINFO=rnd-1_family-0.LINE_CR1","36969651","36969652","NA;NOT_VALIDATED;SVTYPE=INS","56","rnd-1_family-0","LINE",1,26015544
"320",17,"NC_044219.2",18728634,".","T","<INS:ME>","35",".","MEINFO=ltr-1_family-40#LTR_ERVK-ltr-1_family-97#LINE_CR1-hybrid,18728634,18728635,NA;NOT_VALIDATED;SVTYPE=INS","GT:GQ:FL:SP:CLIP5:CLIP3","1/1:35:8:0:9:8","1-Jan","35","8",0,9,8,"MEINFO=ltr-1_family-40.LTR_ERVK-ltr-1_family-97.LINE_CR1-hybrid","18728634","18728635","NA;NOT_VALIDATED;SVTYPE=INS","57","ltr-1_family-40","LINE",1,26015544
"321",19,"NC_044219.2",32885252,".","t","<INS:ME>","38",".","MEINFO=ltr-1_family-74#LTR_ERV1-TEs-hybrid,32885252,32885253,NA;NOT_VALIDATED;SVTYPE=INS","GT:GQ:FL:SP:CLIP5:CLIP3","1/1:38:8:17:8:10","1-Jan","38","8",17,8,10,"MEINFO=ltr-1_family-74.LTR_ERV1-TEs-hybrid","32885252","32885253","NA;NOT_VALIDATED;SVTYPE=INS","57","ltr-1_family-74","LTR",1,26015544
"322",20,"NC_044219.2",35956554,".","t","<INS:ME>","31",".","MEINFO=rnd-1_family-1#LINE_CR1-rnd-1_family-5#LINE_CR1-hybrid,35956554,35956555,NA;NOT_VALIDATED;SVTYPE=INS","GT:GQ:FL:SP:CLIP5:CLIP3","1/1:31:8:2:10:7","1-Jan","31","8",2,10,7,"MEINFO=rnd-1_family-1.LINE_CR1-rnd-1_family-5.LINE_CR1-hybrid","35956554","35956555","NA;NOT_VALIDATED;SVTYPE=INS","57","rnd-1_family-1","LINE",1,26015544
"323",55,"NC_044219.2",2153880,".","c","<INS:ME>","18",".","MEINFO=rnd-1_family-40#LTR_ERVK,2153880,2153881,NA;NOT_VALIDATED;SVTYPE=INS","GT:GQ:FL:SP:CLIP5:CLIP3","1/1:18:8:13:3:4","1-Jan","18","8",13,3,4,"MEINFO=rnd-1_family-40.LTR_ERVK","2153880","2153881","NA;NOT_VALIDATED;SVTYPE=INS","57","rnd-1_family-40","LTR",1,26015544
"324",57,"NC_044219.2",36969650,".","c","<INS:ME>","32",".","MEINFO=rnd-1_family-0#LINE_CR1,36969650,36969651,NA;NOT_VALIDATED;SVTYPE=INS","GT:GQ:FL:SP:CLIP5:CLIP3","1/1:32:8:3:5:5","1-Jan","32","8",3,5,5,"MEINFO=rnd-1_family-0.LINE_CR1","36969650","36969651","NA;NOT_VALIDATED;SVTYPE=INS","57","rnd-1_family-0","LINE",1,26015544
"325",1952,"NC_044219.2",35245648,".","T","<INS:ME>","48",".","MEINFO=rnd-5_family-41090#Unknown,35245648,35245649,NA;NOT_VALIDATED;SVTYPE=INS","GT:GQ:FL:SP:CLIP5:CLIP3","1/1:48:8:3:18:16","1-Jan","48","8",3,18,16,"MEINFO=rnd-5_family-41090.Unknown","35245648","35245649","NA;NOT_VALIDATED;SVTYPE=INS","57","rnd-5_family-41090","LTR",1,26015544
"326",3,"NC_044219.2",31863879,".","A","<INS:ME>","50",".","MEINFO=rnd-5_family-10533#Unknown,31863879,31863880,NA;NOT_VALIDATED;SVTYPE=INS","GT:GQ:FL:SP:CLIP5:CLIP3","1/1:50:8:1:24:11","1-Jan","50","8",1,24,11,"MEINFO=rnd-5_family-10533.Unknown","31863879","31863880","NA;NOT_VALIDATED;SVTYPE=INS","58","rnd-5_family-10533","LTR",1,26015544
"327",1353,"NC_044219.2",24290157,".","T","<INS:ME>","23",".","MEINFO=rnd-1_family-59#LTR_ERVK,24290157,24290158,NA;NOT_VALIDATED;SVTYPE=INS","GT:GQ:FL:SP:CLIP5:CLIP3","1/1:23:8:15:3:0","1-Jan","23","8",15,3,0,"MEINFO=rnd-1_family-59.LTR_ERVK","24290157","24290158","NA;NOT_VALIDATED;SVTYPE=INS","58","rnd-1_family-59","LTR",1,26015544
"328",1003,"NC_044219.2",13089344,".","G","<INS:ME>","19",".","MEINFO=ltr-1_family-3#LTR_ERVL-TEs-hybrid,13089344,13089345,NA;NOT_VALIDATED;SVTYPE=INS","GT:GQ:FL:SP:CLIP5:CLIP3","1/1:19:8:9:7:1","1-Jan","19","8",9,7,1,"MEINFO=ltr-1_family-3.LTR_ERVL-TEs-hybrid","13089344","13089345","NA;NOT_VALIDATED;SVTYPE=INS","59","ltr-1_family-3","LTR",1,26015544
"329",1025,"NC_044219.2",37189018,".","c","<INS:ME>","27",".","MEINFO=rnd-1_family-46#Unknown,37189018,37189019,NA;NOT_VALIDATED;SVTYPE=INS","GT:GQ:FL:SP:CLIP5:CLIP3","1/1:27:8:8:1:8","1-Jan","27","8",8,1,8,"MEINFO=rnd-1_family-46.Unknown","37189018","37189019","NA;NOT_VALIDATED;SVTYPE=INS","59","rnd-1_family-46","LTR",1,26015544
"330",5,"NC_044219.2",2397926,".","g","<INS:ME>","31",".","MEINFO=rnd-1_family-34#LTR_ERVL-TEs-hybrid,2397926,2397927,NA;NOT_VALIDATED;SVTYPE=INS","GT:GQ:FL:SP:CLIP5:CLIP3","1/1:31:8:0:9:10","1-Jan","31","8",0,9,10,"MEINFO=rnd-1_family-34.LTR_ERVL-TEs-hybrid","2397926","2397927","NA;NOT_VALIDATED;SVTYPE=INS","66","rnd-1_family-34","LTR",1,26015544
"331",6,"NC_044219.2",36883247,".","a","<INS:ME>","35",".","MEINFO=rnd-1_family-68#Unknown-TEs-hybrid,36883247,36883248,NA;NOT_VALIDATED;SVTYPE=INS","GT:GQ:FL:SP:CLIP5:CLIP3","1/1:35:8:22:14:10","1-Jan","35","8",22,14,10,"MEINFO=rnd-1_family-68.Unknown-TEs-hybrid","36883247","36883248","NA;NOT_VALIDATED;SVTYPE=INS","66","rnd-1_family-68","DNA",1,26015544
"332",7,"NC_044219.2",35503832,".","g","<INS:ME>","35",".","MEINFO=rnd-5_family-10248#Unknown-TEs-hybrid,35503832,35503833,NA;NOT_VALIDATED;SVTYPE=INS","GT:GQ:FL:SP:CLIP5:CLIP3","1/1:35:8:0:7:3","1-Jan","35","8",0,7,3,"MEINFO=rnd-5_family-10248.Unknown-TEs-hybrid","35503832","35503833","NA;NOT_VALIDATED;SVTYPE=INS","75","rnd-5_family-10248","LTR",1,26015544
"333",11,"NC_044219.2",35223122,".","T","<INS:ME>","48",".","MEINFO=TEs-rnd-5_family-10533#Unknown-hybrid,35223122,35223123,NA;NOT_VALIDATED;SVTYPE=INS","GT:GQ:FL:SP:CLIP5:CLIP3","1/1:48:8:0:21:0","1-Jan","48","8",0,21,0,"MEINFO=TEs-rnd-5_family-10533.Unknown-hybrid","35223122","35223123","NA;NOT_VALIDATED;SVTYPE=INS","77","TEs-rnd-5_family-10533","LTR",1,26015544
"334",5,"NC_044219.2",37189052,".","a","<INS:ME>","21",".","MEINFO=rnd-1_family-105#Unknown,37189052,37189053,NA;NOT_VALIDATED;SVTYPE=INS","GT:GQ:FL:SP:CLIP5:CLIP3","1/1:21:8:6:2:7","1-Jan","21","8",6,2,7,"MEINFO=rnd-1_family-105.Unknown","37189052","37189053","NA;NOT_VALIDATED;SVTYPE=INS","83","rnd-1_family-105","LTR",1,26015544
"335",698,"NC_044219.2",2397926,".","g","<INS:ME>","31",".","MEINFO=rnd-1_family-51#LTR_ERVL-TEs-hybrid,2397926,2397927,NA;NOT_VALIDATED;SVTYPE=INS","GT:GQ:FL:SP:CLIP5:CLIP3","1/1:31:8:0:7:6","1-Jan","31","8",0,7,6,"MEINFO=rnd-1_family-51.LTR_ERVL-TEs-hybrid","2397926","2397927","NA;NOT_VALIDATED;SVTYPE=INS","84","rnd-1_family-51","LTR",1,26015544
"336",1,"NC_044220.2",5431594,".","A","<INS:ME>","30",".","MEINFO=ltr-1_family-32#LINE_CR1,5431594,5431595,NA;NOT_VALIDATED;SVTYPE=INS","GT:GQ:FL:SP:CLIP5:CLIP3","1/1:30:8:6:8:10","1-Jan","30","8",6,8,10,"MEINFO=ltr-1_family-32.LINE_CR1","5431594","5431595","NA;NOT_VALIDATED;SVTYPE=INS","24","ltr-1_family-32","LINE",1,21621347
"337",1322,"NC_044220.2",28517605,".","g","<INS:ME>","23",".","MEINFO=ltr-1_family-41#LTR_ERVL-TEs-hybrid,28517605,28517606,NA;NOT_VALIDATED;SVTYPE=INS","GT:GQ:FL:SP:CLIP5:CLIP3","1/1:23:8:22:7:1","1-Jan","23","8",22,7,1,"MEINFO=ltr-1_family-41.LTR_ERVL-TEs-hybrid","28517605","28517606","NA;NOT_VALIDATED;SVTYPE=INS","24","ltr-1_family-41","LTR",1,21621347
"338",7,"NC_044220.2",28447112,".","a","<INS:ME>","51",".","MEINFO=ltr-1_family-41#LTR_ERVL,28447112,28447113,NA;NOT_VALIDATED;SVTYPE=INS","GT:GQ:FL:SP:CLIP5:CLIP3","1/1:51:8:10:22:7","1-Jan","51","8",10,22,7,"MEINFO=ltr-1_family-41.LTR_ERVL","28447112","28447113","NA;NOT_VALIDATED;SVTYPE=INS","38","ltr-1_family-41","LTR",1,21621347
"339",12,"NC_044220.2",2498774,".","t","<INS:ME>","40",".","MEINFO=rnd-1_family-68#Unknown,2498774,2498775,NA;NOT_VALIDATED;SVTYPE=INS","GT:GQ:FL:SP:CLIP5:CLIP3","1/1:40:8:19:9:3","1-Jan","40","8",19,9,3,"MEINFO=rnd-1_family-68.Unknown","2498774","2498775","NA;NOT_VALIDATED;SVTYPE=INS","38","rnd-1_family-68","DNA",1,21621347
"340",27,"NC_044220.2",31116806,".","G","<INS:ME>","126",".","MEINFO=ltr-1_family-28#LTR_ERVK-rnd-5_family-3784#LTR_ERVL-hybrid,31116806,31116807,NA;NOT_VALIDATED;SVTYPE=INS","GT:GQ:FL:SP:CLIP5:CLIP3","1/1:126:8:26:5:12","1-Jan","126","8",26,5,12,"MEINFO=ltr-1_family-28.LTR_ERVK-rnd-5_family-3784.LTR_ERVL-hybrid","31116806","31116807","NA;NOT_VALIDATED;SVTYPE=INS","38","ltr-1_family-28","LTR",1,21621347
"341",28,"NC_044220.2",5431583,".","A","<INS:ME>","35",".","MEINFO=ltr-1_family-32#LINE_CR1-rnd-4_family-3911#Unknown-hybrid,5431583,5431584,NA;NOT_VALIDATED;SVTYPE=INS","GT:GQ:FL:SP:CLIP5:CLIP3","1/1:35:8:6:6:14","1-Jan","35","8",6,6,14,"MEINFO=ltr-1_family-32.LINE_CR1-rnd-4_family-3911.Unknown-hybrid","5431583","5431584","NA;NOT_VALIDATED;SVTYPE=INS","38","ltr-1_family-32","Unknown",1,21621347
"342",1,"NC_044220.2",728397,".","G","<INS:ME>","21",".","MEINFO=ltr-1_family-68#LTR_ERVK,728397,728398,NA;NOT_VALIDATED;SVTYPE=INS","GT:GQ:FL:SP:CLIP5:CLIP3","1/1:21:8:8:1:2","1-Jan","21","8",8,1,2,"MEINFO=ltr-1_family-68.LTR_ERVK","728397","728398","NA;NOT_VALIDATED;SVTYPE=INS","39","ltr-1_family-68","LTR",1,21621347
"343",11,"NC_044220.2",30952841,".","A","<INS:ME>","14",".","MEINFO=ltr-1_family-85#LTR_ERVK,30952841,30952842,NA;NOT_VALIDATED;SVTYPE=INS","GT:GQ:FL:SP:CLIP5:CLIP3","1/1:14:8:15:0:0","1-Jan","14","8",15,0,0,"MEINFO=ltr-1_family-85.LTR_ERVK","30952841","30952842","NA;NOT_VALIDATED;SVTYPE=INS","39","ltr-1_family-85","LTR",1,21621347
"344",31,"NC_044220.2",1168865,".","T","<INS:ME>","38",".","MEINFO=TEs-rnd-4_family-1092#Unknown-hybrid,1168865,1168866,NA;NOT_VALIDATED;SVTYPE=INS","GT:GQ:FL:SP:CLIP5:CLIP3","1/1:38:8:4:8:18","1-Jan","38","8",4,8,18,"MEINFO=TEs-rnd-4_family-1092.Unknown-hybrid","1168865","1168866","NA;NOT_VALIDATED;SVTYPE=INS","39","TEs-rnd-4_family-1092","LTR",1,21621347
"345",44,"NC_044220.2",5431594,".","A","<INS:ME>","40",".","MEINFO=ltr-1_family-32#LINE_CR1,5431594,5431595,NA;NOT_VALIDATED;SVTYPE=INS","GT:GQ:FL:SP:CLIP5:CLIP3","1/1:40:8:5:15:9","1-Jan","40","8",5,15,9,"MEINFO=ltr-1_family-32.LINE_CR1","5431594","5431595","NA;NOT_VALIDATED;SVTYPE=INS","39","ltr-1_family-32","LINE",1,21621347
"346",2192,"NC_044220.2",502154,".","G","<INS:ME>","65",".","MEINFO=ltr-1_family-80#LTR_Unknown,502154,502155,NA;NOT_VALIDATED;SVTYPE=INS","GT:GQ:FL:SP:CLIP5:CLIP3","1/1:65:8:7:32:20","1-Jan","65","8",7,32,20,"MEINFO=ltr-1_family-80.LTR_Unknown","502154","502155","NA;NOT_VALIDATED;SVTYPE=INS","54","ltr-1_family-80","Unknown",1,21621347
"347",2212,"NC_044220.2",516495,".","G","<INS:ME>","42",".","MEINFO=TEs-rnd-5_family-1877#LTR_ERV1-hybrid,516495,516496,NA;NOT_VALIDATED;SVTYPE=INS","GT:GQ:FL:SP:CLIP5:CLIP3","1/1:42:8:0:17:7","1-Jan","42","8",0,17,7,"MEINFO=TEs-rnd-5_family-1877.LTR_ERV1-hybrid","516495","516496","NA;NOT_VALIDATED;SVTYPE=INS","54","TEs-rnd-5_family-1877","LTR",1,21621347
"348",2213,"NC_044220.2",5469081,".","G","<INS:ME>","37",".","MEINFO=TEs-rnd-5_family-5670#Unknown-hybrid,5469081,5469082,NA;NOT_VALIDATED;SVTYPE=INS","GT:GQ:FL:SP:CLIP5:CLIP3","1/1:37:8:0:8:17","1-Jan","37","8",0,8,17,"MEINFO=TEs-rnd-5_family-5670.Unknown-hybrid","5469081","5469082","NA;NOT_VALIDATED;SVTYPE=INS","54","TEs-rnd-5_family-5670","LTR",1,21621347
"349",2214,"NC_044220.2",5796032,".","C","<INS:ME>","44",".","MEINFO=TEs-ltr-1_family-90#LINE_CR1-hybrid,5796032,5796033,NA;NOT_VALIDATED;SVTYPE=INS","GT:GQ:FL:SP:CLIP5:CLIP3","1/1:44:8:0:20:13","1-Jan","44","8",0,20,13,"MEINFO=TEs-ltr-1_family-90.LINE_CR1-hybrid","5796032","5796033","NA;NOT_VALIDATED;SVTYPE=INS","54","TEs-ltr-1_family-90","LINE",1,21621347
"350",27,"NC_044220.2",502138,".","G","<INS:ME>","59",".","MEINFO=ltr-1_family-9#LTR_ERVK,502138,502139,NA;NOT_VALIDATED;SVTYPE=INS","GT:GQ:FL:SP:CLIP5:CLIP3","1/1:59:8:7:24:21","1-Jan","59","8",7,24,21,"MEINFO=ltr-1_family-9.LTR_ERVK","502138","502139","NA;NOT_VALIDATED;SVTYPE=INS","56","ltr-1_family-9","LTR",1,21621347
"351",29,"NC_044220.2",1556046,".","T","<INS:ME>","64",".","MEINFO=rnd-5_family-7067#LTR_ERVK,1556046,1556047,NA;NOT_VALIDATED;SVTYPE=INS","GT:GQ:FL:SP:CLIP5:CLIP3","1/1:64:8:9:25:27","1-Jan","64","8",9,25,27,"MEINFO=rnd-5_family-7067.LTR_ERVK","1556046","1556047","NA;NOT_VALIDATED;SVTYPE=INS","56","rnd-5_family-7067","LTR",1,21621347
"352",59,"NC_044220.2",502138,".","G","<INS:ME>","77",".","MEINFO=rnd-5_family-14218#Unknown,502138,502139,NA;NOT_VALIDATED;SVTYPE=INS","GT:GQ:FL:SP:CLIP5:CLIP3","1/1:77:8:9:38:26","1-Jan","77","8",9,38,26,"MEINFO=rnd-5_family-14218.Unknown","502138","502139","NA;NOT_VALIDATED;SVTYPE=INS","57","rnd-5_family-14218","LTR",1,21621347
"353",31,"NC_044220.2",502155,".","G","<INS:ME>","71",".","MEINFO=ltr-1_family-80#LTR_Unknown,502155,502156,NA;NOT_VALIDATED;SVTYPE=INS","GT:GQ:FL:SP:CLIP5:CLIP3","1/1:71:8:4:37:22","1-Jan","71","8",4,37,22,"MEINFO=ltr-1_family-80.LTR_Unknown","502155","502156","NA;NOT_VALIDATED;SVTYPE=INS","58","ltr-1_family-80","Unknown",1,21621347
"354",15,"NC_044220.2",728164,".","G","<INS:ME>","27",".","MEINFO=ltr-1_family-68#LTR_ERVK,728164,728165,NA;NOT_VALIDATED;SVTYPE=INS","GT:GQ:FL:SP:CLIP5:CLIP3","1/1:27:8:8:0:12","1-Jan","27","8",8,0,12,"MEINFO=ltr-1_family-68.LTR_ERVK","728164","728165","NA;NOT_VALIDATED;SVTYPE=INS","62","ltr-1_family-68","LTR",1,21621347
"355",8,"NC_044220.2",31070333,".","g","<INS:ME>","318",".","MEINFO=rnd-5_family-3546#Unknown-unknown,31070333,31070334,NA;NOT_VALIDATED;SVTYPE=INS","GT:GQ:FL:SP:CLIP5:CLIP3","1/1:318:8:121:118:128","1-Jan","318","8",121,118,128,"MEINFO=rnd-5_family-3546.Unknown-unknown","31070333","31070334","NA;NOT_VALIDATED;SVTYPE=INS","63","rnd-5_family-3546","LINE",1,21621347
"356",373,"NC_044220.2",31016111,".","C","<INS:ME>","82",".","MEINFO=ltr-1_family-4#LTR_ERVL,31016111,31016112,NA;NOT_VALIDATED;SVTYPE=INS","GT:GQ:FL:SP:CLIP5:CLIP3","1/1:82:8:7:12:10","1-Jan","82","8",7,12,10,"MEINFO=ltr-1_family-4.LTR_ERVL","31016111","31016112","NA;NOT_VALIDATED;SVTYPE=INS","64","ltr-1_family-4","LTR",1,21621347
"357",380,"NC_044220.2",31116873,".","A","<INS:ME>","125",".","MEINFO=rnd-5_family-13594#LINE_CR1-rnd-4_family-654#LINE_CR1-hybrid,31116873,31116874,NA;NOT_VALIDATED;SVTYPE=INS","GT:GQ:FL:SP:CLIP5:CLIP3","1/1:125:8:27:5:9","1-Jan","125","8",27,5,9,"MEINFO=rnd-5_family-13594.LINE_CR1-rnd-4_family-654.LINE_CR1-hybrid","31116873","31116874","NA;NOT_VALIDATED;SVTYPE=INS","64","rnd-5_family-13594","LINE",1,21621347
"358",1,"NC_044220.2",728412,".","C","<INS:ME>","28",".","MEINFO=ltr-1_family-68#LTR_ERVK,728412,728413,NA;NOT_VALIDATED;SVTYPE=INS","GT:GQ:FL:SP:CLIP5:CLIP3","1/1:28:8:1:0:0","1-Jan","28","8",1,0,0,"MEINFO=ltr-1_family-68.LTR_ERVK","728412","728413","NA;NOT_VALIDATED;SVTYPE=INS","65","ltr-1_family-68","LTR",1,21621347
"359",306,"NC_044220.2",24886684,".","t","<INS:ME>","27",".","MEINFO=TEs-ltr-1_family-87#LTR_Unknown-hybrid,24886684,24886685,NA;NOT_VALIDATED;SVTYPE=INS","GT:GQ:FL:SP:CLIP5:CLIP3","1/1:27:8:9:4:10","1-Jan","27","8",9,4,10,"MEINFO=TEs-ltr-1_family-87.LTR_Unknown-hybrid","24886684","24886685","NA;NOT_VALIDATED;SVTYPE=INS","65","TEs-ltr-1_family-87","Unknown",1,21621347
"360",21,"NC_044220.2",14722378,".","T","<INS:ME>","30",".","MEINFO=ltr-1_family-97#LINE_CR1,14722378,14722379,NA;NOT_VALIDATED;SVTYPE=INS","GT:GQ:FL:SP:CLIP5:CLIP3","1/1:30:8:1:7:7","1-Jan","30","8",1,7,7,"MEINFO=ltr-1_family-97.LINE_CR1","14722378","14722379","NA;NOT_VALIDATED;SVTYPE=INS","66","ltr-1_family-97","LINE",1,21621347
"361",1484,"NC_044220.2",9988831,".","A","<INS:ME>","68",".","MEINFO=rnd-5_family-4953#Unknown,9988831,9988832,NA;NOT_VALIDATED;SVTYPE=INS","GT:GQ:FL:SP:CLIP5:CLIP3","1/1:68:8:11:33:20","1-Jan","68","8",11,33,20,"MEINFO=rnd-5_family-4953.Unknown","9988831","9988832","NA;NOT_VALIDATED;SVTYPE=INS","73","rnd-5_family-4953","LINE",1,21621347
"362",1539,"NC_044220.2",1666989,".","C","<INS:ME>","27",".","MEINFO=rnd-1_family-0#LINE_CR1,1666989,1666990,NA;NOT_VALIDATED;SVTYPE=INS","GT:GQ:FL:SP:CLIP5:CLIP3","1/1:27:8:5:9:3","1-Jan","27","8",5,9,3,"MEINFO=rnd-1_family-0.LINE_CR1","1666989","1666990","NA;NOT_VALIDATED;SVTYPE=INS","73","rnd-1_family-0","LINE",1,21621347
"363",14,"NC_044220.2",31070251,".","C","<INS:ME>","241",".","MEINFO=rnd-5_family-3546#Unknown-unknown,31070251,31070252,NA;NOT_VALIDATED;SVTYPE=INS","GT:GQ:FL:SP:CLIP5:CLIP3","1/1:241:8:86:104:86","1-Jan","241","8",86,104,86,"MEINFO=rnd-5_family-3546.Unknown-unknown","31070251","31070252","NA;NOT_VALIDATED;SVTYPE=INS","75","rnd-5_family-3546","LINE",1,21621347
"364",1541,"NC_044220.2",16367648,".","t","<INS:ME>","24",".","MEINFO=rnd-5_family-9361#LINE_CR1,16367648,16367649,NA;NOT_VALIDATED;SVTYPE=INS","GT:GQ:FL:SP:CLIP5:CLIP3","1/1:24:8:2:7:2","1-Jan","24","8",2,7,2,"MEINFO=rnd-5_family-9361.LINE_CR1","16367648","16367649","NA;NOT_VALIDATED;SVTYPE=INS","76","rnd-5_family-9361","LINE",1,21621347
"365",1544,"NC_044220.2",31016043,".","c","<INS:ME>","89",".","MEINFO=ltr-1_family-4#LTR_ERVL,31016043,31016044,NA;NOT_VALIDATED;SVTYPE=INS","GT:GQ:FL:SP:CLIP5:CLIP3","1/1:89:8:3:1:8","1-Jan","89","8",3,1,8,"MEINFO=ltr-1_family-4.LTR_ERVL","31016043","31016044","NA;NOT_VALIDATED;SVTYPE=INS","76","ltr-1_family-4","LTR",1,21621347
"366",1205,"NC_044220.2",2411112,".","T","<INS:ME>","16",".","MEINFO=ltr-1_family-35#LTR_ERV1,2411112,2411113,NA;NOT_VALIDATED;SVTYPE=INS","GT:GQ:FL:SP:CLIP5:CLIP3","1/1:16:8:8:4:1","1-Jan","16","8",8,4,1,"MEINFO=ltr-1_family-35.LTR_ERV1","2411112","2411113","NA;NOT_VALIDATED;SVTYPE=INS","78","ltr-1_family-35","LTR",1,21621347
"367",334,"NC_044220.2",724406,".","A","<INS:ME>","33",".","MEINFO=rnd-1_family-34#LTR_ERVL,724406,724407,NA;NOT_VALIDATED;SVTYPE=INS","GT:GQ:FL:SP:CLIP5:CLIP3","1/1:33:8:0:9:11","1-Jan","33","8",0,9,11,"MEINFO=rnd-1_family-34.LTR_ERVL","724406","724407","NA;NOT_VALIDATED;SVTYPE=INS","83","rnd-1_family-34","LTR",1,21621347
"368",16,"NC_044223.2",8753463,".","a","<INS:ME>","27",".","MEINFO=ltr-1_family-41#LTR_ERVL,8753463,8753464,NA;NOT_VALIDATED;SVTYPE=INS","GT:GQ:FL:SP:CLIP5:CLIP3","1/1:27:8:7:4:2","1-Jan","27","8",7,4,2,"MEINFO=ltr-1_family-41.LTR_ERVL","8753463","8753464","NA;NOT_VALIDATED;SVTYPE=INS","18","ltr-1_family-41","LTR",1,14573173
"369",6,"NC_044223.2",11169123,".","t","<INS:ME>","27",".","MEINFO=rnd-1_family-46#Unknown,11169123,11169124,NA;NOT_VALIDATED;SVTYPE=INS","GT:GQ:FL:SP:CLIP5:CLIP3","1/1:27:8:4:4:2","1-Jan","27","8",4,4,2,"MEINFO=rnd-1_family-46.Unknown","11169123","11169124","NA;NOT_VALIDATED;SVTYPE=INS","24","rnd-1_family-46","LTR",1,14573173
"370",15,"NC_044223.2",8753456,".","t","<INS:ME>","28",".","MEINFO=ltr-1_family-41#LTR_ERVL,8753456,8753457,NA;NOT_VALIDATED;SVTYPE=INS","GT:GQ:FL:SP:CLIP5:CLIP3","1/1:28:8:5:1:4","1-Jan","28","8",5,1,4,"MEINFO=ltr-1_family-41.LTR_ERVL","8753456","8753457","NA;NOT_VALIDATED;SVTYPE=INS","24","ltr-1_family-41","LTR",1,14573173
"371",1343,"NC_044223.2",16236258,".","T","<INS:ME>","26",".","MEINFO=rnd-5_family-845#Unknown,16236258,16236259,NA;NOT_VALIDATED;SVTYPE=INS","GT:GQ:FL:SP:CLIP5:CLIP3","1/1:26:8:12:3:7","1-Jan","26","8",12,3,7,"MEINFO=rnd-5_family-845.Unknown","16236258","16236259","NA;NOT_VALIDATED;SVTYPE=INS","24","rnd-5_family-845","LTR",1,14573173
"372",695,"NC_044223.2",11169217,".","a","<INS:ME>","24",".","MEINFO=rnd-1_family-46#Unknown,11169217,11169218,NA;NOT_VALIDATED;SVTYPE=INS","GT:GQ:FL:SP:CLIP5:CLIP3","1/1:24:8:10:1:6","1-Jan","24","8",10,1,6,"MEINFO=rnd-1_family-46.Unknown","11169217","11169218","NA;NOT_VALIDATED;SVTYPE=INS","27","rnd-1_family-46","LTR",1,14573173
"373",15,"NC_044223.2",17324516,".","A","<INS:ME>","26",".","MEINFO=ltr-1_family-35#LTR_ERV1,17324516,17324517,NA;NOT_VALIDATED;SVTYPE=INS","GT:GQ:FL:SP:CLIP5:CLIP3","1/1:26:8:8:4:3","1-Jan","26","8",8,4,3,"MEINFO=ltr-1_family-35.LTR_ERV1","17324516","17324517","NA;NOT_VALIDATED;SVTYPE=INS","28","ltr-1_family-35","LTR",1,14573173
"374",1533,"NC_044223.2",7536,".","C","<INS:ME>","44",".","MEINFO=rnd-4_family-284#Unknown-TEs-hybrid,7536,7537,NA;NOT_VALIDATED;SVTYPE=INS","GT:GQ:FL:SP:CLIP5:CLIP3","1/1:44:8:6:5:15","1-Jan","44","8",6,5,15,"MEINFO=rnd-4_family-284.Unknown-TEs-hybrid","7536","7537","NA;NOT_VALIDATED;SVTYPE=INS","29","rnd-4_family-284","Unknown",1,14573173
"375",1544,"NC_044223.2",16734379,".","g","<INS:ME>","38",".","MEINFO=TEs-rnd-5_family-11467#Unknown-hybrid,16734379,16734380,NA;NOT_VALIDATED;SVTYPE=INS","GT:GQ:FL:SP:CLIP5:CLIP3","1/1:38:8:2:14:2","1-Jan","38","8",2,14,2,"MEINFO=TEs-rnd-5_family-11467.Unknown-hybrid","16734379","16734380","NA;NOT_VALIDATED;SVTYPE=INS","29","TEs-rnd-5_family-11467","LINE",1,14573173
"376",1555,"NC_044223.2",8447599,".","c","<INS:ME>","21",".","MEINFO=rnd-1_family-46#Unknown,8447599,8447600,NA;NOT_VALIDATED;SVTYPE=INS","GT:GQ:FL:SP:CLIP5:CLIP3","1/1:21:8:9:2:3","1-Jan","21","8",9,2,3,"MEINFO=rnd-1_family-46.Unknown","8447599","8447600","NA;NOT_VALIDATED;SVTYPE=INS","29","rnd-1_family-46","LTR",1,14573173
"377",2,"NC_044223.2",8630939,".","a","<INS:ME>","17",".","MEINFO=rnd-1_family-0#LINE_CR1-TEs-hybrid,8630939,8630940,NA;NOT_VALIDATED;SVTYPE=INS","GT:GQ:FL:SP:CLIP5:CLIP3","1/1:17:8:1:1:3","1-Jan","17","8",1,1,3,"MEINFO=rnd-1_family-0.LINE_CR1-TEs-hybrid","8630939","8630940","NA;NOT_VALIDATED;SVTYPE=INS","32","rnd-1_family-0","LINE",1,14573173
"378",17,"NC_044223.2",9055816,".","g","<INS:ME>","27",".","MEINFO=rnd-1_family-46#Unknown,9055816,9055817,NA;NOT_VALIDATED;SVTYPE=INS","GT:GQ:FL:SP:CLIP5:CLIP3","1/1:27:8:9:7:5","1-Jan","27","8",9,7,5,"MEINFO=rnd-1_family-46.Unknown","9055816","9055817","NA;NOT_VALIDATED;SVTYPE=INS","38","rnd-1_family-46","LTR",1,14573173
"379",18,"NC_044223.2",9256948,".","c","<INS:ME>","21",".","MEINFO=rnd-1_family-46#Unknown,9256948,9256949,NA;NOT_VALIDATED;SVTYPE=INS","GT:GQ:FL:SP:CLIP5:CLIP3","1/1:21:8:10:5:6","1-Jan","21","8",10,5,6,"MEINFO=rnd-1_family-46.Unknown","9256948","9256949","NA;NOT_VALIDATED;SVTYPE=INS","38","rnd-1_family-46","LTR",1,14573173
"380",39,"NC_044223.2",8471100,".","g","<INS:ME>","19",".","MEINFO=ltr-1_family-43#LTR_Unknown,8471100,8471101,NA;NOT_VALIDATED;SVTYPE=INS","GT:GQ:FL:SP:CLIP5:CLIP3","1/1:19:8:1:0:2","1-Jan","19","8",1,0,2,"MEINFO=ltr-1_family-43.LTR_Unknown","8471100","8471101","NA;NOT_VALIDATED;SVTYPE=INS","39","ltr-1_family-43","Unknown",1,14573173
"381",4,"NC_044223.2",9322976,".","t","<INS:ME>","23",".","MEINFO=ltr-1_family-35#LTR_ERV1,9322976,9322977,NA;NOT_VALIDATED;SVTYPE=INS","GT:GQ:FL:SP:CLIP5:CLIP3","1/1:23:8:28:7:3","1-Jan","23","8",28,7,3,"MEINFO=ltr-1_family-35.LTR_ERV1","9322976","9322977","NA;NOT_VALIDATED;SVTYPE=INS","40","ltr-1_family-35","LTR",1,14573173
"382",1365,"NC_044223.2",9309497,".","t","<INS:ME>","23",".","MEINFO=rnd-1_family-46#Unknown,9309497,9309498,NA;NOT_VALIDATED;SVTYPE=INS","GT:GQ:FL:SP:CLIP5:CLIP3","1/1:23:8:13:1:6","1-Jan","23","8",13,1,6,"MEINFO=rnd-1_family-46.Unknown","9309497","9309498","NA;NOT_VALIDATED;SVTYPE=INS","40","rnd-1_family-46","LTR",1,14573173
"383",5,"NC_044223.2",16896221,".","c","<INS:ME>","22",".","MEINFO=rnd-1_family-60#LTR_ERVK,16896221,16896222,NA;NOT_VALIDATED;SVTYPE=INS","GT:GQ:FL:SP:CLIP5:CLIP3","1/1:22:8:6:1:3","1-Jan","22","8",6,1,3,"MEINFO=rnd-1_family-60.LTR_ERVK","16896221","16896222","NA;NOT_VALIDATED;SVTYPE=INS","44","rnd-1_family-60","LTR",1,14573173
"384",2188,"NC_044223.2",14970277,".","a","<INS:ME>","55",".","MEINFO=rnd-5_family-20012#LINE_CR1,14970277,14970278,NA;NOT_VALIDATED;SVTYPE=INS","GT:GQ:FL:SP:CLIP5:CLIP3","1/1:55:8:0:25:16","1-Jan","55","8",0,25,16,"MEINFO=rnd-5_family-20012.LINE_CR1","14970277","14970278","NA;NOT_VALIDATED;SVTYPE=INS","54","rnd-5_family-20012","LINE",1,14573173
"385",2241,"NC_044223.2",13767867,".","c","<INS:ME>","40",".","MEINFO=ltr-1_family-62#LTR_ERV1,13767867,13767868,NA;NOT_VALIDATED;SVTYPE=INS","GT:GQ:FL:SP:CLIP5:CLIP3","1/1:40:8:2:21:5","1-Jan","40","8",2,21,5,"MEINFO=ltr-1_family-62.LTR_ERV1","13767867","13767868","NA;NOT_VALIDATED;SVTYPE=INS","54","ltr-1_family-62","LTR",1,14573173
"386",4,"NC_044223.2",10044676,".","c","<INS:ME>","32",".","MEINFO=ltr-1_family-35#LTR_ERV1,10044676,10044677,NA;NOT_VALIDATED;SVTYPE=INS","GT:GQ:FL:SP:CLIP5:CLIP3","1/1:32:8:12:11:11","1-Jan","32","8",12,11,11,"MEINFO=ltr-1_family-35.LTR_ERV1","10044676","10044677","NA;NOT_VALIDATED;SVTYPE=INS","56","ltr-1_family-35","LTR",1,14573173
"387",1212,"NC_044223.2",10005361,".","c","<INS:ME>","20",".","MEINFO=rnd-1_family-46#Unknown,10005361,10005362,NA;NOT_VALIDATED;SVTYPE=INS","GT:GQ:FL:SP:CLIP5:CLIP3","1/1:20:8:16:1:0","1-Jan","20","8",16,1,0,"MEINFO=rnd-1_family-46.Unknown","10005361","10005362","NA;NOT_VALIDATED;SVTYPE=INS","56","rnd-1_family-46","LTR",1,14573173
"388",25,"NC_044223.2",7390,".","c","<INS:ME>","81",".","MEINFO=rnd-4_family-284#Unknown-TEs-hybrid,7390,7391,NA;NOT_VALIDATED;SVTYPE=INS","GT:GQ:FL:SP:CLIP5:CLIP3","1/1:81:8:42:40:14","1-Jan","81","8",42,40,14,"MEINFO=rnd-4_family-284.Unknown-TEs-hybrid","7390","7391","NA;NOT_VALIDATED;SVTYPE=INS","57","rnd-4_family-284","Unknown",1,14573173
"389",35,"NC_044223.2",19580209,".","a","<INS:ME>","28",".","MEINFO=TEs-ltr-1_family-42#LTR_ERV1-hybrid,19580209,19580210,NA;NOT_VALIDATED;SVTYPE=INS","GT:GQ:FL:SP:CLIP5:CLIP3","1/1:28:8:6:4:3","1-Jan","28","8",6,4,3,"MEINFO=TEs-ltr-1_family-42.LTR_ERV1-hybrid","19580209","19580210","NA;NOT_VALIDATED;SVTYPE=INS","57","TEs-ltr-1_family-42","LTR",1,14573173
"390",1362,"NC_044223.2",10005388,".","g","<INS:ME>","19",".","MEINFO=rnd-1_family-46#Unknown,10005388,10005389,NA;NOT_VALIDATED;SVTYPE=INS","GT:GQ:FL:SP:CLIP5:CLIP3","1/1:19:8:3:0:7","1-Jan","19","8",3,0,7,"MEINFO=rnd-1_family-46.Unknown","10005388","10005389","NA;NOT_VALIDATED;SVTYPE=INS","58","rnd-1_family-46","LTR",1,14573173
"391",1026,"NC_044223.2",9309629,".","g","<INS:ME>","17",".","MEINFO=rnd-1_family-46#Unknown,9309629,9309630,NA;NOT_VALIDATED;SVTYPE=INS","GT:GQ:FL:SP:CLIP5:CLIP3","1/1:17:8:11:1:6","1-Jan","17","8",11,1,6,"MEINFO=rnd-1_family-46.Unknown","9309629","9309630","NA;NOT_VALIDATED;SVTYPE=INS","59","rnd-1_family-46","LTR",1,14573173
"392",695,"NC_044223.2",18773321,".","G","<INS:ME>","51",".","MEINFO=rnd-5_family-845#Unknown,18773321,18773322,NA;NOT_VALIDATED;SVTYPE=INS","GT:GQ:FL:SP:CLIP5:CLIP3","1/1:51:8:17:20:10","1-Jan","51","8",17,20,10,"MEINFO=rnd-5_family-845.Unknown","18773321","18773322","NA;NOT_VALIDATED;SVTYPE=INS","62","rnd-5_family-845","LTR",1,14573173
"393",460,"NC_044223.2",17439974,".","c","<INS:ME>","18",".","MEINFO=rnd-1_family-3#LINE_CR1,17439974,17439975,NA;NOT_VALIDATED;SVTYPE=INS","GT:GQ:FL:SP:CLIP5:CLIP3","1/1:18:8:7:0:4","1-Jan","18","8",7,0,4,"MEINFO=rnd-1_family-3.LINE_CR1","17439974","17439975","NA;NOT_VALIDATED;SVTYPE=INS","63","rnd-1_family-3","LINE",1,14573173
"394",15,"NC_044223.2",8442960,".","g","<INS:ME>","20",".","MEINFO=rnd-1_family-46#Unknown,8442960,8442961,NA;NOT_VALIDATED;SVTYPE=INS","GT:GQ:FL:SP:CLIP5:CLIP3","1/1:20:8:3:2:5","1-Jan","20","8",3,2,5,"MEINFO=rnd-1_family-46.Unknown","8442960","8442961","NA;NOT_VALIDATED;SVTYPE=INS","66","rnd-1_family-46","LTR",1,14573173
"395",23,"NC_044223.2",8753420,".","G","<INS:ME>","22",".","MEINFO=ltr-1_family-41#LTR_ERVL,8753420,8753421,NA;NOT_VALIDATED;SVTYPE=INS","GT:GQ:FL:SP:CLIP5:CLIP3","1/1:22:8:6:0:2","1-Jan","22","8",6,0,2,"MEINFO=ltr-1_family-41.LTR_ERVL","8753420","8753421","NA;NOT_VALIDATED;SVTYPE=INS","66","ltr-1_family-41","LTR",1,14573173
"396",1533,"NC_044223.2",9309540,".","c","<INS:ME>","12",".","MEINFO=rnd-1_family-46#Unknown,9309540,9309541,NA;NOT_VALIDATED;SVTYPE=INS","GT:GQ:FL:SP:CLIP5:CLIP3","1/1:12:8:16:0:1","1-Jan","12","8",16,0,1,"MEINFO=rnd-1_family-46.Unknown","9309540","9309541","NA;NOT_VALIDATED;SVTYPE=INS","73","rnd-1_family-46","LTR",1,14573173
"397",1163,"NC_044223.2",10005366,".","t","<INS:ME>","23",".","MEINFO=rnd-1_family-105#Unknown,10005366,10005367,NA;NOT_VALIDATED;SVTYPE=INS","GT:GQ:FL:SP:CLIP5:CLIP3","1/1:23:8:12:4:5","1-Jan","23","8",12,4,5,"MEINFO=rnd-1_family-105.Unknown","10005366","10005367","NA;NOT_VALIDATED;SVTYPE=INS","75","rnd-1_family-105","LTR",1,14573173
"398",3,"NC_044223.2",9422252,".","c","<INS:ME>","23",".","MEINFO=ltr-1_family-35#LTR_ERV1-TEs-hybrid,9422252,9422253,NA;NOT_VALIDATED;SVTYPE=INS","GT:GQ:FL:SP:CLIP5:CLIP3","1/1:23:8:0:2:1","1-Jan","23","8",0,2,1,"MEINFO=ltr-1_family-35.LTR_ERV1-TEs-hybrid","9422252","9422253","NA;NOT_VALIDATED;SVTYPE=INS","76","ltr-1_family-35","LTR",1,14573173
"399",27,"NC_044223.2",8663962,".","t","<INS:ME>","19",".","MEINFO=ltr-1_family-35#LTR_ERV1,8663962,8663963,NA;NOT_VALIDATED;SVTYPE=INS","GT:GQ:FL:SP:CLIP5:CLIP3","1/1:19:8:30:3:2","1-Jan","19","8",30,3,2,"MEINFO=ltr-1_family-35.LTR_ERV1","8663962","8663963","NA;NOT_VALIDATED;SVTYPE=INS","76","ltr-1_family-35","LTR",1,14573173
"400",1554,"NC_044223.2",19653379,".","A","<INS:ME>","10",".","MEINFO=ltr-1_family-38#SINE_5S-Deu-L2,19653379,19653380,NA;NOT_VALIDATED;SVTYPE=INS","GT:GQ:FL:SP:CLIP5:CLIP3","1/1:10:8:23:0:0","1-Jan","10","8",23,0,0,"MEINFO=ltr-1_family-38.SINE_5S-Deu-L2","19653379","19653380","NA;NOT_VALIDATED;SVTYPE=INS","76","ltr-1_family-38","SINE",1,14573173
"401",10,"NC_044223.2",8753249,".","t","<INS:ME>","30",".","MEINFO=rnd-5_family-26582#LTR_ERVL-ltr-1_family-107#LTR_ERVL-hybrid,8753249,8753250,NA;NOT_VALIDATED;SVTYPE=INS","GT:GQ:FL:SP:CLIP5:CLIP3","1/1:30:8:9:3:0","1-Jan","30","8",9,3,0,"MEINFO=rnd-5_family-26582.LTR_ERVL-ltr-1_family-107.LTR_ERVL-hybrid","8753249","8753250","NA;NOT_VALIDATED;SVTYPE=INS","77","rnd-5_family-26582","LTR",1,14573173
"402",15,"NC_044223.2",16236171,".","T","<INS:ME>","18",".","MEINFO=rnd-5_family-845#Unknown,16236171,16236172,NA;NOT_VALIDATED;SVTYPE=INS","GT:GQ:FL:SP:CLIP5:CLIP3","1/1:18:8:4:1:7","1-Jan","18","8",4,1,7,"MEINFO=rnd-5_family-845.Unknown","16236171","16236172","NA;NOT_VALIDATED;SVTYPE=INS","77","rnd-5_family-845","LTR",1,14573173
"403",10,"NC_044223.2",16734377,".","c","<INS:ME>","28",".","MEINFO=rnd-5_family-11467#Unknown,16734377,16734378,NA;NOT_VALIDATED;SVTYPE=INS","GT:GQ:FL:SP:CLIP5:CLIP3","1/1:28:8:6:6:1","1-Jan","28","8",6,6,1,"MEINFO=rnd-5_family-11467.Unknown","16734377","16734378","NA;NOT_VALIDATED;SVTYPE=INS","78","rnd-5_family-11467","LINE",1,14573173
"404",1199,"NC_044223.2",8753440,".","g","<INS:ME>","35",".","MEINFO=ltr-1_family-41#LTR_ERVL,8753440,8753441,NA;NOT_VALIDATED;SVTYPE=INS","GT:GQ:FL:SP:CLIP5:CLIP3","1/1:35:8:6:5:2","1-Jan","35","8",6,5,2,"MEINFO=ltr-1_family-41.LTR_ERVL","8753440","8753441","NA;NOT_VALIDATED;SVTYPE=INS","78","ltr-1_family-41","LTR",1,14573173
"405",1206,"NC_044223.2",8663961,".","t","<INS:ME>","22",".","MEINFO=ltr-1_family-35#LTR_ERV1,8663961,8663962,NA;NOT_VALIDATED;SVTYPE=INS","GT:GQ:FL:SP:CLIP5:CLIP3","1/1:22:8:13:5:6","1-Jan","22","8",13,5,6,"MEINFO=ltr-1_family-35.LTR_ERV1","8663961","8663962","NA;NOT_VALIDATED;SVTYPE=INS","78","ltr-1_family-35","LTR",1,14573173
"406",291,"NC_044223.2",17324504,".","a","<INS:ME>","24",".","MEINFO=TEs-ltr-1_family-35#LTR_ERV1-hybrid,17324504,17324505,NA;NOT_VALIDATED;SVTYPE=INS","GT:GQ:FL:SP:CLIP5:CLIP3","1/1:24:8:2:10:3","1-Jan","24","8",2,10,3,"MEINFO=TEs-ltr-1_family-35.LTR_ERV1-hybrid","17324504","17324505","NA;NOT_VALIDATED;SVTYPE=INS","82","TEs-ltr-1_family-35","LTR",1,14573173
"407",702,"NC_044223.2",10257119,".","a","<INS:ME>","30",".","MEINFO=TEs-rnd-1_family-60#LTR_ERVK-hybrid,10257119,10257120,NA;NOT_VALIDATED;SVTYPE=INS","GT:GQ:FL:SP:CLIP5:CLIP3","1/1:30:8:11:9:2","1-Jan","30","8",11,9,2,"MEINFO=TEs-rnd-1_family-60.LTR_ERVK-hybrid","10257119","10257120","NA;NOT_VALIDATED;SVTYPE=INS","84","TEs-rnd-1_family-60","LTR",1,14573173
"408",11,"NC_044224.2",2169980,".","t","<INS:ME>","32",".","MEINFO=ltr-1_family-35#LTR_ERV1,2169980,2169981,NA;NOT_VALIDATED;SVTYPE=INS","GT:GQ:FL:SP:CLIP5:CLIP3","1/1:32:8:0:9:2","1-Jan","32","8",0,9,2,"MEINFO=ltr-1_family-35.LTR_ERV1","2169980","2169981","NA;NOT_VALIDATED;SVTYPE=INS","20","ltr-1_family-35","LTR",1,14525121
"409",17,"NC_044224.2",13597276,".","C","<INS:ME>","45",".","MEINFO=ltr-1_family-64#LTR_ERV1,13597276,13597277,NA;NOT_VALIDATED;SVTYPE=INS","GT:GQ:FL:SP:CLIP5:CLIP3","1/1:45:8:3:22:9","1-Jan","45","8",3,22,9,"MEINFO=ltr-1_family-64.LTR_ERV1","13597276","13597277","NA;NOT_VALIDATED;SVTYPE=INS","24","ltr-1_family-64","LTR",1,14525121
"410",1348,"NC_044224.2",18136957,".","a","<INS:ME>","24",".","MEINFO=ltr-1_family-1#LTR_ERV1,18136957,18136958,NA;NOT_VALIDATED;SVTYPE=INS","GT:GQ:FL:SP:CLIP5:CLIP3","1/1:24:8:16:2:4","1-Jan","24","8",16,2,4,"MEINFO=ltr-1_family-1.LTR_ERV1","18136957","18136958","NA;NOT_VALIDATED;SVTYPE=INS","24","ltr-1_family-1","LTR",1,14525121
"411",13,"NC_044224.2",3101544,".","t","<INS:ME>","18",".","MEINFO=rnd-1_family-105#Unknown,3101544,3101545,NA;NOT_VALIDATED;SVTYPE=INS","GT:GQ:FL:SP:CLIP5:CLIP3","1/1:18:8:2:1:3","1-Jan","18","8",2,1,3,"MEINFO=rnd-1_family-105.Unknown","3101544","3101545","NA;NOT_VALIDATED;SVTYPE=INS","28","rnd-1_family-105","LTR",1,14525121
"412",351,"NC_044224.2",3101643,".","c","<INS:ME>","20",".","MEINFO=rnd-1_family-105#Unknown,3101643,3101644,NA;NOT_VALIDATED;SVTYPE=INS","GT:GQ:FL:SP:CLIP5:CLIP3","1/1:20:8:2:0:1","1-Jan","20","8",2,0,1,"MEINFO=rnd-1_family-105.Unknown","3101643","3101644","NA;NOT_VALIDATED;SVTYPE=INS","31","rnd-1_family-105","LTR",1,14525121
"413",2,"NC_044224.2",839163,".","t","<INS:ME>","23",".","MEINFO=ltr-1_family-35#LTR_ERV1,839163,839164,NA;NOT_VALIDATED;SVTYPE=INS","GT:GQ:FL:SP:CLIP5:CLIP3","1/1:23:8:8:2:2","1-Jan","23","8",8,2,2,"MEINFO=ltr-1_family-35.LTR_ERV1","839163","839164","NA;NOT_VALIDATED;SVTYPE=INS","33","ltr-1_family-35","LTR",1,14525121
"414",901,"NC_044224.2",2211989,".","c","<INS:ME>","27",".","MEINFO=TEs-rnd-1_family-105#Unknown-hybrid,2211989,2211990,NA;NOT_VALIDATED;SVTYPE=INS","GT:GQ:FL:SP:CLIP5:CLIP3","1/1:27:8:11:11:4","1-Jan","27","8",11,11,4,"MEINFO=TEs-rnd-1_family-105.Unknown-hybrid","2211989","2211990","NA;NOT_VALIDATED;SVTYPE=INS","33","TEs-rnd-1_family-105","LTR",1,14525121
"415",25,"NC_044224.2",3022874,".","g","<INS:ME>","32",".","MEINFO=rnd-1_family-60#LTR_ERVK-ltr-1_family-40#LTR_ERVK-hybrid,3022874,3022875,NA;NOT_VALIDATED;SVTYPE=INS","GT:GQ:FL:SP:CLIP5:CLIP3","1/1:32:8:6:6:6","1-Jan","32","8",6,6,6,"MEINFO=rnd-1_family-60.LTR_ERVK-ltr-1_family-40.LTR_ERVK-hybrid","3022874","3022875","NA;NOT_VALIDATED;SVTYPE=INS","39","rnd-1_family-60","LTR",1,14525121
"416",37,"NC_044224.2",1570549,".","a","<INS:ME>","37",".","MEINFO=rnd-1_family-1#LINE_CR1,1570549,1570550,NA;NOT_VALIDATED;SVTYPE=INS","GT:GQ:FL:SP:CLIP5:CLIP3","1/1:37:8:8:13:7","1-Jan","37","8",8,13,7,"MEINFO=rnd-1_family-1.LINE_CR1","1570549","1570550","NA;NOT_VALIDATED;SVTYPE=INS","39","rnd-1_family-1","LINE",1,14525121
"417",20,"NC_044224.2",17882380,".","C","<INS:ME>","21",".","MEINFO=rnd-1_family-88#LTR_ERV1-ltr-1_family-15#DNA-hybrid,17882380,17882381,NA;NOT_VALIDATED;SVTYPE=INS","GT:GQ:FL:SP:CLIP5:CLIP3","1/1:21:8:5:0:0","1-Jan","21","8",5,0,0,"MEINFO=rnd-1_family-88.LTR_ERV1-ltr-1_family-15.DNA-hybrid","17882380","17882381","NA;NOT_VALIDATED;SVTYPE=INS","40","rnd-1_family-88","LTR",1,14525121
"418",1164,"NC_044224.2",19290741,".","g","<INS:ME>","14",".","MEINFO=rnd-4_family-654#LINE_CR1,19290741,19290742,NA;NOT_VALIDATED;SVTYPE=INS","GT:GQ:FL:SP:CLIP5:CLIP3","1/1:14:8:2:0:0","1-Jan","14","8",2,0,0,"MEINFO=rnd-4_family-654.LINE_CR1","19290741","19290742","NA;NOT_VALIDATED;SVTYPE=INS","44","rnd-4_family-654","LINE",1,14525121
"419",1180,"NC_044224.2",18364864,".","a","<INS:ME>","41",".","MEINFO=rnd-4_family-3271#LTR_ERVK-TEs-hybrid,18364864,18364865,NA;NOT_VALIDATED;SVTYPE=INS","GT:GQ:FL:SP:CLIP5:CLIP3","1/1:41:8:0:12:4","1-Jan","41","8",0,12,4,"MEINFO=rnd-4_family-3271.LTR_ERVK-TEs-hybrid","18364864","18364865","NA;NOT_VALIDATED;SVTYPE=INS","44","rnd-4_family-3271","LTR",1,14525121
"420",1189,"NC_044224.2",1603373,".","c","<INS:ME>","25",".","MEINFO=rnd-1_family-105#Unknown,1603373,1603374,NA;NOT_VALIDATED;SVTYPE=INS","GT:GQ:FL:SP:CLIP5:CLIP3","1/1:25:8:11:8:4","1-Jan","25","8",11,8,4,"MEINFO=rnd-1_family-105.Unknown","1603373","1603374","NA;NOT_VALIDATED;SVTYPE=INS","44","rnd-1_family-105","LTR",1,14525121
"421",7,"NC_044224.2",19290759,".","a","<INS:ME>","28",".","MEINFO=rnd-4_family-654#LINE_CR1,19290759,19290760,NA;NOT_VALIDATED;SVTYPE=INS","GT:GQ:FL:SP:CLIP5:CLIP3","1/1:28:8:15:2:1","1-Jan","28","8",15,2,1,"MEINFO=rnd-4_family-654.LINE_CR1","19290759","19290760","NA;NOT_VALIDATED;SVTYPE=INS","54","rnd-4_family-654","LINE",1,14525121
"422",2172,"NC_044224.2",9986379,".","C","<INS:ME>","14",".","MEINFO=rnd-1_family-24#LTR_ERVL,9986379,9986380,NA;NOT_VALIDATED;SVTYPE=INS","GT:GQ:FL:SP:CLIP5:CLIP3","1/1:14:8:12:2:1","1-Jan","14","8",12,2,1,"MEINFO=rnd-1_family-24.LTR_ERVL","9986379","9986380","NA;NOT_VALIDATED;SVTYPE=INS","54","rnd-1_family-24","LTR",1,14525121
"423",36,"NC_044224.2",9986437,".","g","<INS:ME>","26",".","MEINFO=TEs-rnd-1_family-24#LTR_ERVL-hybrid,9986437,9986438,NA;NOT_VALIDATED;SVTYPE=INS","GT:GQ:FL:SP:CLIP5:CLIP3","1/1:26:8:14:5:9","1-Jan","26","8",14,5,9,"MEINFO=TEs-rnd-1_family-24.LTR_ERVL-hybrid","9986437","9986438","NA;NOT_VALIDATED;SVTYPE=INS","57","TEs-rnd-1_family-24","LTR",1,14525121
"424",50,"NC_044224.2",17979465,".","a","<INS:ME>","22",".","MEINFO=rnd-1_family-49#LTR_ERV1,17979465,17979466,NA;NOT_VALIDATED;SVTYPE=INS","GT:GQ:FL:SP:CLIP5:CLIP3","1/1:22:8:16:0:0","1-Jan","22","8",16,0,0,"MEINFO=rnd-1_family-49.LTR_ERV1","17979465","17979466","NA;NOT_VALIDATED;SVTYPE=INS","57","rnd-1_family-49","LTR",1,14525121
"425",1958,"NC_044224.2",19290778,".","G","<INS:ME>","33",".","MEINFO=rnd-4_family-654#LINE_CR1,19290778,19290779,NA;NOT_VALIDATED;SVTYPE=INS","GT:GQ:FL:SP:CLIP5:CLIP3","1/1:33:8:21:0:4","1-Jan","33","8",21,0,4,"MEINFO=rnd-4_family-654.LINE_CR1","19290778","19290779","NA;NOT_VALIDATED;SVTYPE=INS","57","rnd-4_family-654","LINE",1,14525121
"426",21,"NC_044224.2",1553886,".","t","<INS:ME>","19",".","MEINFO=TEs-rnd-1_family-105#Unknown-hybrid,1553886,1553887,NA;NOT_VALIDATED;SVTYPE=INS","GT:GQ:FL:SP:CLIP5:CLIP3","1/1:19:8:26:4:1","1-Jan","19","8",26,4,1,"MEINFO=TEs-rnd-1_family-105.Unknown-hybrid","1553886","1553887","NA;NOT_VALIDATED;SVTYPE=INS","58","TEs-rnd-1_family-105","LTR",1,14525121
"427",39,"NC_044224.2",17979239,".","g","<INS:ME>","29",".","MEINFO=rnd-1_family-49#LTR_ERV1,17979239,17979240,NA;NOT_VALIDATED;SVTYPE=INS","GT:GQ:FL:SP:CLIP5:CLIP3","1/1:29:8:15:0:2","1-Jan","29","8",15,0,2,"MEINFO=rnd-1_family-49.LTR_ERV1","17979239","17979240","NA;NOT_VALIDATED;SVTYPE=INS","58","rnd-1_family-49","LTR",1,14525121
"428",1363,"NC_044224.2",3207901,".","a","<INS:ME>","21",".","MEINFO=rnd-1_family-46#Unknown,3207901,3207902,NA;NOT_VALIDATED;SVTYPE=INS","GT:GQ:FL:SP:CLIP5:CLIP3","1/1:21:8:3:3:1","1-Jan","21","8",3,3,1,"MEINFO=rnd-1_family-46.Unknown","3207901","3207902","NA;NOT_VALIDATED;SVTYPE=INS","58","rnd-1_family-46","LTR",1,14525121
"429",16,"NC_044224.2",2667363,".","g","<INS:ME>","19",".","MEINFO=rnd-1_family-46#Unknown,2667363,2667364,NA;NOT_VALIDATED;SVTYPE=INS","GT:GQ:FL:SP:CLIP5:CLIP3","1/1:19:8:14:2:6","1-Jan","19","8",14,2,6,"MEINFO=rnd-1_family-46.Unknown","2667363","2667364","NA;NOT_VALIDATED;SVTYPE=INS","66","rnd-1_family-46","LTR",1,14525121
"430",1493,"NC_044224.2",2785963,".","a","<INS:ME>","29",".","MEINFO=rnd-1_family-105#Unknown-rnd-1_family-46#Unknown-hybrid,2785963,2785964,NA;NOT_VALIDATED;SVTYPE=INS","GT:GQ:FL:SP:CLIP5:CLIP3","1/1:29:8:8:0:1","1-Jan","29","8",8,0,1,"MEINFO=rnd-1_family-105.Unknown-rnd-1_family-46.Unknown-hybrid","2785963","2785964","NA;NOT_VALIDATED;SVTYPE=INS","73","rnd-1_family-105","LTR",1,14525121
"431",1497,"NC_044224.2",18364875,".","c","<INS:ME>","48",".","MEINFO=rnd-4_family-3271#LTR_ERVK-TEs-hybrid,18364875,18364876,NA;NOT_VALIDATED;SVTYPE=INS","GT:GQ:FL:SP:CLIP5:CLIP3","1/1:48:8:0:20:5","1-Jan","48","8",0,20,5,"MEINFO=rnd-4_family-3271.LTR_ERVK-TEs-hybrid","18364875","18364876","NA;NOT_VALIDATED;SVTYPE=INS","73","rnd-4_family-3271","LTR",1,14525121
"432",1512,"NC_044224.2",2696170,".","T","<INS:ME>","51",".","MEINFO=TEs-rnd-5_family-4653#LINE_CR1-hybrid,2696170,2696171,NA;NOT_VALIDATED;SVTYPE=INS","GT:GQ:FL:SP:CLIP5:CLIP3","1/1:51:8:0:17:17","1-Jan","51","8",0,17,17,"MEINFO=TEs-rnd-5_family-4653.LINE_CR1-hybrid","2696170","2696171","NA;NOT_VALIDATED;SVTYPE=INS","73","TEs-rnd-5_family-4653","LINE",1,14525121
"433",1527,"NC_044224.2",18137141,".","a","<INS:ME>","18",".","MEINFO=ltr-1_family-64#LTR_ERV1,18137141,18137142,NA;NOT_VALIDATED;SVTYPE=INS","GT:GQ:FL:SP:CLIP5:CLIP3","1/1:18:8:12:0:3","1-Jan","18","8",12,0,3,"MEINFO=ltr-1_family-64.LTR_ERV1","18137141","18137142","NA;NOT_VALIDATED;SVTYPE=INS","73","ltr-1_family-64","LTR",1,14525121
"434",3,"NC_044224.2",2785911,".","t","<INS:ME>","18",".","MEINFO=rnd-1_family-105#Unknown,2785911,2785912,NA;NOT_VALIDATED;SVTYPE=INS","GT:GQ:FL:SP:CLIP5:CLIP3","1/1:18:8:6:0:2","1-Jan","18","8",6,0,2,"MEINFO=rnd-1_family-105.Unknown","2785911","2785912","NA;NOT_VALIDATED;SVTYPE=INS","74","rnd-1_family-105","LTR",1,14525121
"435",1161,"NC_044224.2",19733657,".","T","<INS:ME>","25",".","MEINFO=rnd-5_family-9360#LINE_CR1,19733657,19733658,NA;NOT_VALIDATED;SVTYPE=INS","GT:GQ:FL:SP:CLIP5:CLIP3","1/1:25:8:1:11:3","1-Jan","25","8",1,11,3,"MEINFO=rnd-5_family-9360.LINE_CR1","19733657","19733658","NA;NOT_VALIDATED;SVTYPE=INS","75","rnd-5_family-9360","LINE",1,14525121
"436",7,"NC_044224.2",2667370,".","t","<INS:ME>","22",".","MEINFO=rnd-1_family-46#Unknown,2667370,2667371,NA;NOT_VALIDATED;SVTYPE=INS","GT:GQ:FL:SP:CLIP5:CLIP3","1/1:22:8:12:0:9","1-Jan","22","8",12,0,9,"MEINFO=rnd-1_family-46.Unknown","2667370","2667371","NA;NOT_VALIDATED;SVTYPE=INS","77","rnd-1_family-46","LTR",1,14525121
"437",4,"NC_044224.2",3026500,".","a","<INS:ME>","24",".","MEINFO=rnd-1_family-46#Unknown,3026500,3026501,NA;NOT_VALIDATED;SVTYPE=INS","GT:GQ:FL:SP:CLIP5:CLIP3","1/1:24:8:7:1:2","1-Jan","24","8",7,1,2,"MEINFO=rnd-1_family-46.Unknown","3026500","3026501","NA;NOT_VALIDATED;SVTYPE=INS","78","rnd-1_family-46","LTR",1,14525121
"438",1184,"NC_044224.2",3036854,".","a","<INS:ME>","25",".","MEINFO=TEs-rnd-1_family-105#Unknown-hybrid,3036854,3036855,NA;NOT_VALIDATED;SVTYPE=INS","GT:GQ:FL:SP:CLIP5:CLIP3","1/1:25:8:6:4:5","1-Jan","25","8",6,4,5,"MEINFO=TEs-rnd-1_family-105.Unknown-hybrid","3036854","3036855","NA;NOT_VALIDATED;SVTYPE=INS","78","TEs-rnd-1_family-105","LTR",1,14525121
"439",292,"NC_044224.2",2675613,".","g","<INS:ME>","12",".","MEINFO=TEs-ltr-1_family-35#LTR_ERV1-hybrid,2675613,2675614,NA;NOT_VALIDATED;SVTYPE=INS","GT:GQ:FL:SP:CLIP5:CLIP3","1/1:12:8:9:0:1","1-Jan","12","8",9,0,1,"MEINFO=TEs-ltr-1_family-35.LTR_ERV1-hybrid","2675613","2675614","NA;NOT_VALIDATED;SVTYPE=INS","82","TEs-ltr-1_family-35","LTR",1,14525121
"440",693,"NC_044224.2",19290845,".","A","<INS:ME>","18",".","MEINFO=rnd-4_family-654#LINE_CR1,19290845,19290846,NA;NOT_VALIDATED;SVTYPE=INS","GT:GQ:FL:SP:CLIP5:CLIP3","1/1:18:8:18:2:2","1-Jan","18","8",18,2,2,"MEINFO=rnd-4_family-654.LINE_CR1","19290845","19290846","NA;NOT_VALIDATED;SVTYPE=INS","84","rnd-4_family-654","LINE",1,14525121
"441",13,"NC_044225.2",6250044,".","t","<INS:ME>","18",".","MEINFO=rnd-1_family-60#LTR_ERVK,6250044,6250045,NA;NOT_VALIDATED;SVTYPE=INS","GT:GQ:FL:SP:CLIP5:CLIP3","1/1:18:8:2:1:3","1-Jan","18","8",2,1,3,"MEINFO=rnd-1_family-60.LTR_ERVK","6250044","6250045","NA;NOT_VALIDATED;SVTYPE=INS","20","rnd-1_family-60","LTR",1,12944510
"442",1324,"NC_044225.2",7378668,".","a","<INS:ME>","22",".","MEINFO=rnd-1_family-46#Unknown-TEs-hybrid,7378668,7378669,NA;NOT_VALIDATED;SVTYPE=INS","GT:GQ:FL:SP:CLIP5:CLIP3","1/1:22:8:0:6:1","1-Jan","22","8",0,6,1,"MEINFO=rnd-1_family-46.Unknown-TEs-hybrid","7378668","7378669","NA;NOT_VALIDATED;SVTYPE=INS","24","rnd-1_family-46","LTR",1,12944510
"443",1354,"NC_044225.2",6250167,".","c","<INS:ME>","23",".","MEINFO=rnd-1_family-60#LTR_ERVK,6250167,6250168,NA;NOT_VALIDATED;SVTYPE=INS","GT:GQ:FL:SP:CLIP5:CLIP3","1/1:23:8:5:4:0","1-Jan","23","8",5,4,0,"MEINFO=rnd-1_family-60.LTR_ERVK","6250167","6250168","NA;NOT_VALIDATED;SVTYPE=INS","24","rnd-1_family-60","LTR",1,12944510
"444",687,"NC_044225.2",7378667,".","g","<INS:ME>","20",".","MEINFO=rnd-1_family-46#Unknown-TEs-hybrid,7378667,7378668,NA;NOT_VALIDATED;SVTYPE=INS","GT:GQ:FL:SP:CLIP5:CLIP3","1/1:20:8:0:3:3","1-Jan","20","8",0,3,3,"MEINFO=rnd-1_family-46.Unknown-TEs-hybrid","7378667","7378668","NA;NOT_VALIDATED;SVTYPE=INS","27","rnd-1_family-46","LTR",1,12944510
"445",694,"NC_044225.2",3003094,".","T","<INS:ME>","36",".","MEINFO=ltr-1_family-37#LTR_ERV1,3003094,3003095,NA;NOT_VALIDATED;SVTYPE=INS","GT:GQ:FL:SP:CLIP5:CLIP3","1/1:36:8:1:13:5","1-Jan","36","8",1,13,5,"MEINFO=ltr-1_family-37.LTR_ERV1","3003094","3003095","NA;NOT_VALIDATED;SVTYPE=INS","27","ltr-1_family-37","LTR",1,12944510
"446",2,"NC_044225.2",5648466,".","A","<INS:ME>","20",".","MEINFO=rnd-4_family-2321#LTR_ERVK-TEs-hybrid,5648466,5648467,NA;NOT_VALIDATED;SVTYPE=INS","GT:GQ:FL:SP:CLIP5:CLIP3","1/1:20:8:9:6:4","1-Jan","20","8",9,6,4,"MEINFO=rnd-4_family-2321.LTR_ERVK-TEs-hybrid","5648466","5648467","NA;NOT_VALIDATED;SVTYPE=INS","28","rnd-4_family-2321","LTR",1,12944510
"447",16,"NC_044225.2",16282736,".","a","<INS:ME>","26",".","MEINFO=rnd-1_family-105#Unknown,16282736,16282737,NA;NOT_VALIDATED;SVTYPE=INS","GT:GQ:FL:SP:CLIP5:CLIP3","1/1:26:8:2:2:5","1-Jan","26","8",2,2,5,"MEINFO=rnd-1_family-105.Unknown","16282736","16282737","NA;NOT_VALIDATED;SVTYPE=INS","39","rnd-1_family-105","LTR",1,12944510
"448",1366,"NC_044225.2",7378657,".","a","<INS:ME>","14",".","MEINFO=rnd-1_family-46#Unknown,7378657,7378658,NA;NOT_VALIDATED;SVTYPE=INS","GT:GQ:FL:SP:CLIP5:CLIP3","1/1:14:8:11:0:4","1-Jan","14","8",11,0,4,"MEINFO=rnd-1_family-46.Unknown","7378657","7378658","NA;NOT_VALIDATED;SVTYPE=INS","40","rnd-1_family-46","LTR",1,12944510
"449",345,"NC_044225.2",15976952,".","a","<INS:ME>","32",".","MEINFO=rnd-1_family-46#Unknown,15976952,15976953,NA;NOT_VALIDATED;SVTYPE=INS","GT:GQ:FL:SP:CLIP5:CLIP3","1/1:32:8:4:8:9","1-Jan","32","8",4,8,9,"MEINFO=rnd-1_family-46.Unknown","15976952","15976953","NA;NOT_VALIDATED;SVTYPE=INS","48","rnd-1_family-46","LTR",1,12944510
"450",9,"NC_044225.2",2003059,".","G","<INS:ME>","39",".","MEINFO=rnd-1_family-46#Unknown-TEs-hybrid,2003059,2003060,NA;NOT_VALIDATED;SVTYPE=INS","GT:GQ:FL:SP:CLIP5:CLIP3","1/1:39:8:29:13:9","1-Jan","39","8",29,13,9,"MEINFO=rnd-1_family-46.Unknown-TEs-hybrid","2003059","2003060","NA;NOT_VALIDATED;SVTYPE=INS","56","rnd-1_family-46","LTR",1,12944510
"451",10,"NC_044225.2",14198903,".","a","<INS:ME>","41",".","MEINFO=rnd-1_family-46#Unknown-rnd-1_family-105#Unknown-hybrid,14198903,14198904,NA;NOT_VALIDATED;SVTYPE=INS","GT:GQ:FL:SP:CLIP5:CLIP3","1/1:41:8:48:8:18","1-Jan","41","8",48,8,18,"MEINFO=rnd-1_family-46.Unknown-rnd-1_family-105.Unknown-hybrid","14198903","14198904","NA;NOT_VALIDATED;SVTYPE=INS","56","rnd-1_family-46","LTR",1,12944510
"452",14,"NC_044225.2",7297846,".","a","<INS:ME>","14",".","MEINFO=rnd-5_family-11467#Unknown-TEs-hybrid,7297846,7297847,NA;NOT_VALIDATED;SVTYPE=INS","GT:GQ:FL:SP:CLIP5:CLIP3","1/1:14:8:9:0:4","1-Jan","14","8",9,0,4,"MEINFO=rnd-5_family-11467.Unknown-TEs-hybrid","7297846","7297847","NA;NOT_VALIDATED;SVTYPE=INS","56","rnd-5_family-11467","LINE",1,12944510
"453",1,"NC_044225.2",17421499,".","G","<INS:ME>","75",".","MEINFO=rnd-5_family-4874#Unknown,17421499,17421500,NA;NOT_VALIDATED;SVTYPE=INS","GT:GQ:FL:SP:CLIP5:CLIP3","1/1:75:8:20:39:24","1-Jan","75","8",20,39,24,"MEINFO=rnd-5_family-4874.Unknown","17421499","17421500","NA;NOT_VALIDATED;SVTYPE=INS","57","rnd-5_family-4874","Unknown",1,12944510
"454",27,"NC_044225.2",3003123,".","A","<INS:ME>","36",".","MEINFO=ltr-1_family-37#LTR_ERV1,3003123,3003124,NA;NOT_VALIDATED;SVTYPE=INS","GT:GQ:FL:SP:CLIP5:CLIP3","1/1:36:8:0:10:8","1-Jan","36","8",0,10,8,"MEINFO=ltr-1_family-37.LTR_ERV1","3003123","3003124","NA;NOT_VALIDATED;SVTYPE=INS","58","ltr-1_family-37","LTR",1,12944510
"455",11,"NC_044225.2",16346340,".","g","<INS:ME>","24",".","MEINFO=TEs-rnd-1_family-60#LTR_ERVK-hybrid,16346340,16346341,NA;NOT_VALIDATED;SVTYPE=INS","GT:GQ:FL:SP:CLIP5:CLIP3","1/1:24:8:13:3:7","1-Jan","24","8",13,3,7,"MEINFO=TEs-rnd-1_family-60.LTR_ERVK-hybrid","16346340","16346341","NA;NOT_VALIDATED;SVTYPE=INS","62","TEs-rnd-1_family-60","LTR",1,12944510
"456",22,"NC_044225.2",6845491,".","T","<INS:ME>","36",".","MEINFO=rnd-4_family-571#LTR_ERVK,6845491,6845492,NA;NOT_VALIDATED;SVTYPE=INS","GT:GQ:FL:SP:CLIP5:CLIP3","1/1:36:8:7:6:7","1-Jan","36","8",7,6,7,"MEINFO=rnd-4_family-571.LTR_ERVK","6845491","6845492","NA;NOT_VALIDATED;SVTYPE=INS","62","rnd-4_family-571","LTR",1,12944510
"457",10,"NC_044225.2",7378660,".","t","<INS:ME>","23",".","MEINFO=rnd-1_family-46#Unknown,7378660,7378661,NA;NOT_VALIDATED;SVTYPE=INS","GT:GQ:FL:SP:CLIP5:CLIP3","1/1:23:8:0:5:0","1-Jan","23","8",0,5,0,"MEINFO=rnd-1_family-46.Unknown","7378660","7378661","NA;NOT_VALIDATED;SVTYPE=INS","63","rnd-1_family-46","LTR",1,12944510
"458",379,"NC_044225.2",6845354,".","a","<INS:ME>","19",".","MEINFO=rnd-4_family-571#LTR_ERVK,6845354,6845355,NA;NOT_VALIDATED;SVTYPE=INS","GT:GQ:FL:SP:CLIP5:CLIP3","1/1:19:8:34:7:1","1-Jan","19","8",34,7,1,"MEINFO=rnd-4_family-571.LTR_ERVK","6845354","6845355","NA;NOT_VALIDATED;SVTYPE=INS","64","rnd-4_family-571","LTR",1,12944510
"459",1175,"NC_044225.2",6250119,".","a","<INS:ME>","29",".","MEINFO=rnd-1_family-60#LTR_ERVK,6250119,6250120,NA;NOT_VALIDATED;SVTYPE=INS","GT:GQ:FL:SP:CLIP5:CLIP3","1/1:29:8:9:6:2","1-Jan","29","8",9,6,2,"MEINFO=rnd-1_family-60.LTR_ERVK","6250119","6250120","NA;NOT_VALIDATED;SVTYPE=INS","75","rnd-1_family-60","LTR",1,12944510
"460",11,"NC_044225.2",227761,".","T","<INS:ME>","26",".","MEINFO=rnd-5_family-1595#LTR_ERV1-TEs-hybrid,227761,227762,NA;NOT_VALIDATED;SVTYPE=INS","GT:GQ:FL:SP:CLIP5:CLIP3","1/1:26:8:22:13:0","1-Jan","26","8",22,13,0,"MEINFO=rnd-5_family-1595.LTR_ERV1-TEs-hybrid","227761","227762","NA;NOT_VALIDATED;SVTYPE=INS","76","rnd-5_family-1595","LTR",1,12944510
"461",1547,"NC_044225.2",14198991,".","C","<INS:ME>","49",".","MEINFO=rnd-1_family-105#Unknown,14198991,14198992,NA;NOT_VALIDATED;SVTYPE=INS","GT:GQ:FL:SP:CLIP5:CLIP3","1/1:49:8:40:16:13","1-Jan","49","8",40,16,13,"MEINFO=rnd-1_family-105.Unknown","14198991","14198992","NA;NOT_VALIDATED;SVTYPE=INS","76","rnd-1_family-105","LTR",1,12944510
"462",1564,"NC_044225.2",3003115,".","C","<INS:ME>","48",".","MEINFO=ltr-1_family-37#LTR_ERV1,3003115,3003116,NA;NOT_VALIDATED;SVTYPE=INS","GT:GQ:FL:SP:CLIP5:CLIP3","1/1:48:8:0:17:10","1-Jan","48","8",0,17,10,"MEINFO=ltr-1_family-37.LTR_ERV1","3003115","3003116","NA;NOT_VALIDATED;SVTYPE=INS","76","ltr-1_family-37","LTR",1,12944510
"463",826,"NC_044225.2",7588604,".","T","<INS:ME>","27",".","MEINFO=ltr-1_family-40#LTR_ERVK,7588604,7588605,NA;NOT_VALIDATED;SVTYPE=INS","GT:GQ:FL:SP:CLIP5:CLIP3","1/1:27:8:0:8:8","1-Jan","27","8",0,8,8,"MEINFO=ltr-1_family-40.LTR_ERVK","7588604","7588605","NA;NOT_VALIDATED;SVTYPE=INS","77","ltr-1_family-40","LTR",1,12944510
"464",1203,"NC_044225.2",1954213,".","c","<INS:ME>","39",".","MEINFO=rnd-5_family-2482#Unknown,1954213,1954214,NA;NOT_VALIDATED;SVTYPE=INS","GT:GQ:FL:SP:CLIP5:CLIP3","1/1:39:8:0:20:8","1-Jan","39","8",0,20,8,"MEINFO=rnd-5_family-2482.Unknown","1954213","1954214","NA;NOT_VALIDATED;SVTYPE=INS","78","rnd-5_family-2482","Unknown",1,12944510
"465",2,"NC_044225.2",17389527,".","g","<INS:ME>","27",".","MEINFO=ltr-1_family-38#SINE_5S-Deu-L2-TEs-hybrid,17389527,17389528,NA;NOT_VALIDATED;SVTYPE=INS","GT:GQ:FL:SP:CLIP5:CLIP3","1/1:27:8:0:11:6","1-Jan","27","8",0,11,6,"MEINFO=ltr-1_family-38.SINE_5S-Deu-L2-TEs-hybrid","17389527","17389528","NA;NOT_VALIDATED;SVTYPE=INS","81","ltr-1_family-38","SINE",1,12944510
"466",3,"NC_044225.2",16151236,".","t","<INS:ME>","29",".","MEINFO=rnd-1_family-46#Unknown,16151236,16151237,NA;NOT_VALIDATED;SVTYPE=INS","GT:GQ:FL:SP:CLIP5:CLIP3","1/1:29:8:2:2:7","1-Jan","29","8",2,2,7,"MEINFO=rnd-1_family-46.Unknown","16151236","16151237","NA;NOT_VALIDATED;SVTYPE=INS","85","rnd-1_family-46","LTR",1,12944510
"467",7,"NC_044226.2",6336760,".","g","<INS:ME>","27",".","MEINFO=rnd-1_family-46#Unknown,6336760,6336761,NA;NOT_VALIDATED;SVTYPE=INS","GT:GQ:FL:SP:CLIP5:CLIP3","1/1:27:8:33:6:6","1-Jan","27","8",33,6,6,"MEINFO=rnd-1_family-46.Unknown","6336760","6336761","NA;NOT_VALIDATED;SVTYPE=INS","24","rnd-1_family-46","LTR",1,11894928
"468",1332,"NC_044226.2",7414647,".","c","<INS:ME>","19",".","MEINFO=TEs-rnd-1_family-105#Unknown-hybrid,7414647,7414648,NA;NOT_VALIDATED;SVTYPE=INS","GT:GQ:FL:SP:CLIP5:CLIP3","1/1:19:8:15:2:3","1-Jan","19","8",15,2,3,"MEINFO=TEs-rnd-1_family-105.Unknown-hybrid","7414647","7414648","NA;NOT_VALIDATED;SVTYPE=INS","24","TEs-rnd-1_family-105","LTR",1,11894928
"469",1,"NC_044226.2",1609377,".","G","<INS:ME>","37",".","MEINFO=ltr-1_family-3#LTR_ERVL,1609377,1609378,NA;NOT_VALIDATED;SVTYPE=INS","GT:GQ:FL:SP:CLIP5:CLIP3","1/1:37:8:1:16:5","1-Jan","37","8",1,16,5,"MEINFO=ltr-1_family-3.LTR_ERVL","1609377","1609378","NA;NOT_VALIDATED;SVTYPE=INS","27","ltr-1_family-3","LTR",1,11894928
"470",1560,"NC_044226.2",6477700,".","a","<INS:ME>","38",".","MEINFO=rnd-1_family-105#Unknown,6477700,6477701,NA;NOT_VALIDATED;SVTYPE=INS","GT:GQ:FL:SP:CLIP5:CLIP3","1/1:38:8:5:10:8","1-Jan","38","8",5,10,8,"MEINFO=rnd-1_family-105.Unknown","6477700","6477701","NA;NOT_VALIDATED;SVTYPE=INS","29","rnd-1_family-105","LTR",1,11894928
"471",902,"NC_044226.2",360045,".","a","<INS:ME>","33",".","MEINFO=TEs-ltr-1_family-75#LTR_ERV1-hybrid,360045,360046,NA;NOT_VALIDATED;SVTYPE=INS","GT:GQ:FL:SP:CLIP5:CLIP3","1/1:33:8:0:9:5","1-Jan","33","8",0,9,5,"MEINFO=TEs-ltr-1_family-75.LTR_ERV1-hybrid","360045","360046","NA;NOT_VALIDATED;SVTYPE=INS","33","TEs-ltr-1_family-75","LTR",1,11894928
"472",908,"NC_044226.2",1609377,".","G","<INS:ME>","32",".","MEINFO=ltr-1_family-3#LTR_ERVL,1609377,1609378,NA;NOT_VALIDATED;SVTYPE=INS","GT:GQ:FL:SP:CLIP5:CLIP3","1/1:32:8:2:12:6","1-Jan","32","8",2,12,6,"MEINFO=ltr-1_family-3.LTR_ERVL","1609377","1609378","NA;NOT_VALIDATED;SVTYPE=INS","33","ltr-1_family-3","LTR",1,11894928
"473",31,"NC_044226.2",6172318,".","t","<INS:ME>","16",".","MEINFO=rnd-1_family-105#Unknown-rnd-1_family-46#Unknown-hybrid,6172318,6172319,NA;NOT_VALIDATED;SVTYPE=INS","GT:GQ:FL:SP:CLIP5:CLIP3","1/1:16:8:14:1:3","1-Jan","16","8",14,1,3,"MEINFO=rnd-1_family-105.Unknown-rnd-1_family-46.Unknown-hybrid","6172318","6172319","NA;NOT_VALIDATED;SVTYPE=INS","38","rnd-1_family-105","LTR",1,11894928
"474",7,"NC_044226.2",6843516,".","c","<INS:ME>","27",".","MEINFO=rnd-1_family-60#LTR_ERVK,6843516,6843517,NA;NOT_VALIDATED;SVTYPE=INS","GT:GQ:FL:SP:CLIP5:CLIP3","1/1:27:8:10:6:10","1-Jan","27","8",10,6,10,"MEINFO=rnd-1_family-60.LTR_ERVK","6843516","6843517","NA;NOT_VALIDATED;SVTYPE=INS","39","rnd-1_family-60","LTR",1,11894928
"475",9,"NC_044226.2",6336646,".","a","<INS:ME>","33",".","MEINFO=rnd-1_family-46#Unknown,6336646,6336647,NA;NOT_VALIDATED;SVTYPE=INS","GT:GQ:FL:SP:CLIP5:CLIP3","1/1:33:8:10:3:8","1-Jan","33","8",10,3,8,"MEINFO=rnd-1_family-46.Unknown","6336646","6336647","NA;NOT_VALIDATED;SVTYPE=INS","44","rnd-1_family-46","LTR",1,11894928
"476",10,"NC_044226.2",6477865,".","c","<INS:ME>","32",".","MEINFO=rnd-1_family-46#Unknown,6477865,6477866,NA;NOT_VALIDATED;SVTYPE=INS","GT:GQ:FL:SP:CLIP5:CLIP3","1/1:32:8:3:1:0","1-Jan","32","8",3,1,0,"MEINFO=rnd-1_family-46.Unknown","6477865","6477866","NA;NOT_VALIDATED;SVTYPE=INS","44","rnd-1_family-46","LTR",1,11894928
"477",11,"NC_044226.2",7414640,".","t","<INS:ME>","19",".","MEINFO=rnd-1_family-46#Unknown,7414640,7414641,NA;NOT_VALIDATED;SVTYPE=INS","GT:GQ:FL:SP:CLIP5:CLIP3","1/1:19:8:15:1:7","1-Jan","19","8",15,1,7,"MEINFO=rnd-1_family-46.Unknown","7414640","7414641","NA;NOT_VALIDATED;SVTYPE=INS","44","rnd-1_family-46","LTR",1,11894928
"478",4,"NC_044226.2",3320148,".","a","<INS:ME>","19",".","MEINFO=rnd-1_family-60#LTR_ERVK,3320148,3320149,NA;NOT_VALIDATED;SVTYPE=INS","GT:GQ:FL:SP:CLIP5:CLIP3","1/1:19:8:3:2:4","1-Jan","19","8",3,2,4,"MEINFO=rnd-1_family-60.LTR_ERVK","3320148","3320149","NA;NOT_VALIDATED;SVTYPE=INS","54","rnd-1_family-60","LTR",1,11894928
"479",2236,"NC_044226.2",6634120,".","g","<INS:ME>","106",".","MEINFO=rnd-1_family-46#Unknown,6634120,6634121,NA;NOT_VALIDATED;SVTYPE=INS","GT:GQ:FL:SP:CLIP5:CLIP3","1/1:106:8:9:29:51","1-Jan","106","8",9,29,51,"MEINFO=rnd-1_family-46.Unknown","6634120","6634121","NA;NOT_VALIDATED;SVTYPE=INS","54","rnd-1_family-46","LTR",1,11894928
"480",15,"NC_044226.2",6524072,".","g","<INS:ME>","16",".","MEINFO=rnd-1_family-46#Unknown,6524072,6524073,NA;NOT_VALIDATED;SVTYPE=INS","GT:GQ:FL:SP:CLIP5:CLIP3","1/1:16:8:4:1:3","1-Jan","16","8",4,1,3,"MEINFO=rnd-1_family-46.Unknown","6524072","6524073","NA;NOT_VALIDATED;SVTYPE=INS","55","rnd-1_family-46","LTR",1,11894928
"481",18,"NC_044226.2",360047,".","c","<INS:ME>","37",".","MEINFO=TEs-ltr-1_family-75#LTR_ERV1-hybrid,360047,360048,NA;NOT_VALIDATED;SVTYPE=INS","GT:GQ:FL:SP:CLIP5:CLIP3","1/1:37:8:0:14:5","1-Jan","37","8",0,14,5,"MEINFO=TEs-ltr-1_family-75.LTR_ERV1-hybrid","360047","360048","NA;NOT_VALIDATED;SVTYPE=INS","56","TEs-ltr-1_family-75","LTR",1,11894928
"482",26,"NC_044226.2",12329802,".","t","<INS:ME>","20",".","MEINFO=ltr-1_family-41#LTR_ERVL,12329802,12329803,NA;NOT_VALIDATED;SVTYPE=INS","GT:GQ:FL:SP:CLIP5:CLIP3","1/1:20:8:4:2:0","1-Jan","20","8",4,2,0,"MEINFO=ltr-1_family-41.LTR_ERVL","12329802","12329803","NA;NOT_VALIDATED;SVTYPE=INS","56","ltr-1_family-41","LTR",1,11894928
"483",9,"NC_044226.2",6634150,".","c","<INS:ME>","76",".","MEINFO=rnd-1_family-46#Unknown,6634150,6634151,NA;NOT_VALIDATED;SVTYPE=INS","GT:GQ:FL:SP:CLIP5:CLIP3","1/1:76:8:17:23:31","1-Jan","76","8",17,23,31,"MEINFO=rnd-1_family-46.Unknown","6634150","6634151","NA;NOT_VALIDATED;SVTYPE=INS","57","rnd-1_family-46","LTR",1,11894928
"484",1008,"NC_044226.2",360045,".","a","<INS:ME>","32",".","MEINFO=TEs-ltr-1_family-75#LTR_ERV1-hybrid,360045,360046,NA;NOT_VALIDATED;SVTYPE=INS","GT:GQ:FL:SP:CLIP5:CLIP3","1/1:32:8:0:11:7","1-Jan","32","8",0,11,7,"MEINFO=TEs-ltr-1_family-75.LTR_ERV1-hybrid","360045","360046","NA;NOT_VALIDATED;SVTYPE=INS","59","TEs-ltr-1_family-75","LTR",1,11894928
"485",690,"NC_044226.2",6524129,".","a","<INS:ME>","22",".","MEINFO=rnd-1_family-46#Unknown,6524129,6524130,NA;NOT_VALIDATED;SVTYPE=INS","GT:GQ:FL:SP:CLIP5:CLIP3","1/1:22:8:12:4:4","1-Jan","22","8",12,4,4,"MEINFO=rnd-1_family-46.Unknown","6524129","6524130","NA;NOT_VALIDATED;SVTYPE=INS","62","rnd-1_family-46","LTR",1,11894928
"486",375,"NC_044226.2",7495162,".","c","<INS:ME>","26",".","MEINFO=rnd-1_family-46#Unknown,7495162,7495163,NA;NOT_VALIDATED;SVTYPE=INS","GT:GQ:FL:SP:CLIP5:CLIP3","1/1:26:8:5:1:3","1-Jan","26","8",5,1,3,"MEINFO=rnd-1_family-46.Unknown","7495162","7495163","NA;NOT_VALIDATED;SVTYPE=INS","64","rnd-1_family-46","LTR",1,11894928
"487",1513,"NC_044226.2",360045,".","a","<INS:ME>","31",".","MEINFO=TEs-ltr-1_family-75#LTR_ERV1-hybrid,360045,360046,NA;NOT_VALIDATED;SVTYPE=INS","GT:GQ:FL:SP:CLIP5:CLIP3","1/1:31:8:0:12:4","1-Jan","31","8",0,12,4,"MEINFO=TEs-ltr-1_family-75.LTR_ERV1-hybrid","360045","360046","NA;NOT_VALIDATED;SVTYPE=INS","73","TEs-ltr-1_family-75","LTR",1,11894928
"488",1529,"NC_044226.2",1609377,".","G","<INS:ME>","38",".","MEINFO=ltr-1_family-3#LTR_ERVL,1609377,1609378,NA;NOT_VALIDATED;SVTYPE=INS","GT:GQ:FL:SP:CLIP5:CLIP3","1/1:38:8:1:16:12","1-Jan","38","8",1,16,12,"MEINFO=ltr-1_family-3.LTR_ERVL","1609377","1609378","NA;NOT_VALIDATED;SVTYPE=INS","73","ltr-1_family-3","LTR",1,11894928
"489",20,"NC_044226.2",360050,".","g","<INS:ME>","24",".","MEINFO=TEs-ltr-1_family-75#LTR_ERV1-hybrid,360050,360051,NA;NOT_VALIDATED;SVTYPE=INS","GT:GQ:FL:SP:CLIP5:CLIP3","1/1:24:8:0:10:4","1-Jan","24","8",0,10,4,"MEINFO=TEs-ltr-1_family-75.LTR_ERV1-hybrid","360050","360051","NA;NOT_VALIDATED;SVTYPE=INS","74","TEs-ltr-1_family-75","LTR",1,11894928
"490",1548,"NC_044226.2",6524068,".","c","<INS:ME>","26",".","MEINFO=rnd-1_family-105#Unknown,6524068,6524069,NA;NOT_VALIDATED;SVTYPE=INS","GT:GQ:FL:SP:CLIP5:CLIP3","1/1:26:8:24:1:6","1-Jan","26","8",24,1,6,"MEINFO=rnd-1_family-105.Unknown","6524068","6524069","NA;NOT_VALIDATED;SVTYPE=INS","76","rnd-1_family-105","LTR",1,11894928
"491",1556,"NC_044226.2",11568648,".","g","<INS:ME>","18",".","MEINFO=rnd-1_family-74#LTR_ERVL,11568648,11568649,NA;NOT_VALIDATED;SVTYPE=INS","GT:GQ:FL:SP:CLIP5:CLIP3","1/1:18:8:7:3:1","1-Jan","18","8",7,3,1,"MEINFO=rnd-1_family-74.LTR_ERVL","11568648","11568649","NA;NOT_VALIDATED;SVTYPE=INS","76","rnd-1_family-74","LTR",1,11894928
"492",1558,"NC_044226.2",14281909,".","a","<INS:ME>","37",".","MEINFO=rnd-1_family-0#LINE_CR1,14281909,14281910,NA;NOT_VALIDATED;SVTYPE=INS","GT:GQ:FL:SP:CLIP5:CLIP3","1/1:37:8:29:0:6","1-Jan","37","8",29,0,6,"MEINFO=rnd-1_family-0.LINE_CR1","14281909","14281910","NA;NOT_VALIDATED;SVTYPE=INS","76","rnd-1_family-0","LINE",1,11894928
"493",8,"NC_044226.2",6477724,".","t","<INS:ME>","30",".","MEINFO=rnd-1_family-46#Unknown,6477724,6477725,NA;NOT_VALIDATED;SVTYPE=INS","GT:GQ:FL:SP:CLIP5:CLIP3","1/1:30:8:0:5:8","1-Jan","30","8",0,5,8,"MEINFO=rnd-1_family-46.Unknown","6477724","6477725","NA;NOT_VALIDATED;SVTYPE=INS","77","rnd-1_family-46","LTR",1,11894928
"494",4,"NC_044226.2",6524102,".","g","<INS:ME>","12",".","MEINFO=rnd-1_family-46#Unknown,6524102,6524103,NA;NOT_VALIDATED;SVTYPE=INS","GT:GQ:FL:SP:CLIP5:CLIP3","1/1:12:8:2:0:0","1-Jan","12","8",2,0,0,"MEINFO=rnd-1_family-46.Unknown","6524102","6524103","NA;NOT_VALIDATED;SVTYPE=INS","83","rnd-1_family-46","LTR",1,11894928
"495",4,"NC_044227.2",4397755,".","g","<INS:ME>","18",".","MEINFO=TEs-rnd-1_family-0#LINE_CR1-hybrid,4397755,4397756,NA;NOT_VALIDATED;SVTYPE=INS","GT:GQ:FL:SP:CLIP5:CLIP3","1/1:18:8:3:5:3","1-Jan","18","8",3,5,3,"MEINFO=TEs-rnd-1_family-0.LINE_CR1-hybrid","4397755","4397756","NA;NOT_VALIDATED;SVTYPE=INS","21","TEs-rnd-1_family-0","LINE",1,10081384
"496",8,"NC_044227.2",5070552,".","t","<INS:ME>","41",".","MEINFO=rnd-5_family-20012#LINE_CR1,5070552,5070553,NA;NOT_VALIDATED;SVTYPE=INS","GT:GQ:FL:SP:CLIP5:CLIP3","1/1:41:8:1:15:12","1-Jan","41","8",1,15,12,"MEINFO=rnd-5_family-20012.LINE_CR1","5070552","5070553","NA;NOT_VALIDATED;SVTYPE=INS","25","rnd-5_family-20012","LINE",1,10081384
"497",4,"NC_044227.2",506759,".","g","<INS:ME>","33",".","MEINFO=rnd-1_family-60#LTR_ERVK,506759,506760,NA;NOT_VALIDATED;SVTYPE=INS","GT:GQ:FL:SP:CLIP5:CLIP3","1/1:33:8:7:7:10","1-Jan","33","8",7,7,10,"MEINFO=rnd-1_family-60.LTR_ERVK","506759","506760","NA;NOT_VALIDATED;SVTYPE=INS","33","rnd-1_family-60","LTR",1,10081384
"498",891,"NC_044227.2",12623279,".","G","<INS:ME>","27",".","MEINFO=ltr-1_family-107#LTR_ERVL-TEs-hybrid,12623279,12623280,NA;NOT_VALIDATED;SVTYPE=INS","GT:GQ:FL:SP:CLIP5:CLIP3","1/1:27:8:11:1:9","1-Jan","27","8",11,1,9,"MEINFO=ltr-1_family-107.LTR_ERVL-TEs-hybrid","12623279","12623280","NA;NOT_VALIDATED;SVTYPE=INS","33","ltr-1_family-107","LTR",1,10081384
"499",907,"NC_044227.2",6628899,".","G","<INS:ME>","50",".","MEINFO=rnd-5_family-9360#LINE_CR1,6628899,6628900,NA;NOT_VALIDATED;SVTYPE=INS","GT:GQ:FL:SP:CLIP5:CLIP3","1/1:50:8:10:16:20","1-Jan","50","8",10,16,20,"MEINFO=rnd-5_family-9360.LINE_CR1","6628899","6628900","NA;NOT_VALIDATED;SVTYPE=INS","33","rnd-5_family-9360","LINE",1,10081384
"500",2183,"NC_044227.2",6628909,".","C","<INS:ME>","56",".","MEINFO=rnd-5_family-9360#LINE_CR1,6628909,6628910,NA;NOT_VALIDATED;SVTYPE=INS","GT:GQ:FL:SP:CLIP5:CLIP3","1/1:56:8:12:17:23","1-Jan","56","8",12,17,23,"MEINFO=rnd-5_family-9360.LINE_CR1","6628909","6628910","NA;NOT_VALIDATED;SVTYPE=INS","54","rnd-5_family-9360","LINE",1,10081384
"501",2202,"NC_044227.2",980889,".","C","<INS:ME>","70",".","MEINFO=rnd-4_family-1149#Unknown-TEs-hybrid,980889,980890,NA;NOT_VALIDATED;SVTYPE=INS","GT:GQ:FL:SP:CLIP5:CLIP3","1/1:70:8:0:23:30","1-Jan","70","8",0,23,30,"MEINFO=rnd-4_family-1149.Unknown-TEs-hybrid","980889","980890","NA;NOT_VALIDATED;SVTYPE=INS","54","rnd-4_family-1149","Unknown",1,10081384
"502",1963,"NC_044227.2",5384572,".","T","<INS:ME>","94",".","MEINFO=rnd-5_family-71#Unknown,5384572,5384573,NA;NOT_VALIDATED;SVTYPE=INS","GT:GQ:FL:SP:CLIP5:CLIP3","1/1:94:8:8:44:37","1-Jan","94","8",8,44,37,"MEINFO=rnd-5_family-71.Unknown","5384572","5384573","NA;NOT_VALIDATED;SVTYPE=INS","57","rnd-5_family-71","LTR",1,10081384
"503",5,"NC_044227.2",12389658,".","g","<INS:ME>","38",".","MEINFO=rnd-1_family-60#LTR_ERVK,12389658,12389659,NA;NOT_VALIDATED;SVTYPE=INS","GT:GQ:FL:SP:CLIP5:CLIP3","1/1:38:8:20:6:17","1-Jan","38","8",20,6,17,"MEINFO=rnd-1_family-60.LTR_ERVK","12389658","12389659","NA;NOT_VALIDATED;SVTYPE=INS","58","rnd-1_family-60","LTR",1,10081384
"504",464,"NC_044227.2",910096,".","C","<INS:ME>","44",".","MEINFO=ltr-1_family-101#LTR_ERV,910096,910097,NA;NOT_VALIDATED;SVTYPE=INS","GT:GQ:FL:SP:CLIP5:CLIP3","1/1:44:8:18:12:13","1-Jan","44","8",18,12,13,"MEINFO=ltr-1_family-101.LTR_ERV","910096","910097","NA;NOT_VALIDATED;SVTYPE=INS","63","ltr-1_family-101","LTR",1,10081384
"505",307,"NC_044227.2",716553,".","t","<INS:ME>","39",".","MEINFO=TEs-rnd-4_family-4155#Unknown-hybrid,716553,716554,NA;NOT_VALIDATED;SVTYPE=INS","GT:GQ:FL:SP:CLIP5:CLIP3","1/1:39:8:26:21:7","1-Jan","39","8",26,21,7,"MEINFO=TEs-rnd-4_family-4155.Unknown-hybrid","716553","716554","NA;NOT_VALIDATED;SVTYPE=INS","65","TEs-rnd-4_family-4155","Unknown",1,10081384
"506",5,"NC_044227.2",12623300,".","A","<INS:ME>","18",".","MEINFO=ltr-1_family-41#LTR_ERVL-TEs-hybrid,12623300,12623301,NA;NOT_VALIDATED;SVTYPE=INS","GT:GQ:FL:SP:CLIP5:CLIP3","1/1:18:8:24:0:2","1-Jan","18","8",24,0,2,"MEINFO=ltr-1_family-41.LTR_ERVL-TEs-hybrid","12623300","12623301","NA;NOT_VALIDATED;SVTYPE=INS","76","ltr-1_family-41","LTR",1,10081384
"507",1173,"NC_044227.2",12623327,".","C","<INS:ME>","27",".","MEINFO=ltr-1_family-41#LTR_ERVL-TEs-hybrid,12623327,12623328,NA;NOT_VALIDATED;SVTYPE=INS","GT:GQ:FL:SP:CLIP5:CLIP3","1/1:27:8:20:5:4","1-Jan","27","8",20,5,4,"MEINFO=ltr-1_family-41.LTR_ERVL-TEs-hybrid","12623327","12623328","NA;NOT_VALIDATED;SVTYPE=INS","78","ltr-1_family-41","LTR",1,10081384
"508",707,"NC_044227.2",1073214,".","c","<INS:ME>","16",".","MEINFO=rnd-1_family-74#LTR_ERVL,1073214,1073215,NA;NOT_VALIDATED;SVTYPE=INS","GT:GQ:FL:SP:CLIP5:CLIP3","1/1:16:8:18:1:2","1-Jan","16","8",18,1,2,"MEINFO=rnd-1_family-74.LTR_ERVL","1073214","1073215","NA;NOT_VALIDATED;SVTYPE=INS","84","rnd-1_family-74","LTR",1,10081384
"509",2,"NC_044229.2",7882785,".","t","<INS:ME>","25",".","MEINFO=rnd-1_family-105#Unknown,7882785,7882786,NA;NOT_VALIDATED;SVTYPE=INS","GT:GQ:FL:SP:CLIP5:CLIP3","1/1:25:8:4:3:0","1-Jan","25","8",4,3,0,"MEINFO=rnd-1_family-105.Unknown","7882785","7882786","NA;NOT_VALIDATED;SVTYPE=INS","21","rnd-1_family-105","LTR",1,8259874
"510",367,"NC_044229.2",907290,".","g","<INS:ME>","20",".","MEINFO=rnd-1_family-46#Unknown,907290,907291,NA;NOT_VALIDATED;SVTYPE=INS","GT:GQ:FL:SP:CLIP5:CLIP3","1/1:20:8:5:3:4","1-Jan","20","8",5,3,4,"MEINFO=rnd-1_family-46.Unknown","907290","907291","NA;NOT_VALIDATED;SVTYPE=INS","25","rnd-1_family-46","LTR",1,8259874
"511",684,"NC_044229.2",3001161,".","t","<INS:ME>","14",".","MEINFO=rnd-1_family-60#LTR_ERVK,3001161,3001162,NA;NOT_VALIDATED;SVTYPE=INS","GT:GQ:FL:SP:CLIP5:CLIP3","1/1:14:8:5:0:1","1-Jan","14","8",5,0,1,"MEINFO=rnd-1_family-60.LTR_ERVK","3001161","3001162","NA;NOT_VALIDATED;SVTYPE=INS","27","rnd-1_family-60","LTR",1,8259874
"512",5,"NC_044229.2",1497080,".","g","<INS:ME>","24",".","MEINFO=rnd-1_family-0#LINE_CR1,1497080,1497081,NA;NOT_VALIDATED;SVTYPE=INS","GT:GQ:FL:SP:CLIP5:CLIP3","1/1:24:8:16:1:7","1-Jan","24","8",16,1,7,"MEINFO=rnd-1_family-0.LINE_CR1","1497080","1497081","NA;NOT_VALIDATED;SVTYPE=INS","39","rnd-1_family-0","LINE",1,8259874
"513",320,"NC_044229.2",7882771,".","a","<INS:ME>","15",".","MEINFO=rnd-1_family-46#Unknown,7882771,7882772,NA;NOT_VALIDATED;SVTYPE=INS","GT:GQ:FL:SP:CLIP5:CLIP3","1/1:15:8:1:0:0","1-Jan","15","8",1,0,0,"MEINFO=rnd-1_family-46.Unknown","7882771","7882772","NA;NOT_VALIDATED;SVTYPE=INS","43","rnd-1_family-46","LTR",1,8259874
"514",3,"NC_044229.2",2124192,".","c","<INS:ME>","37",".","MEINFO=rnd-5_family-11467#Unknown-TEs-hybrid,2124192,2124193,NA;NOT_VALIDATED;SVTYPE=INS","GT:GQ:FL:SP:CLIP5:CLIP3","1/1:37:8:16:10:13","1-Jan","37","8",16,10,13,"MEINFO=rnd-5_family-11467.Unknown-TEs-hybrid","2124192","2124193","NA;NOT_VALIDATED;SVTYPE=INS","48","rnd-5_family-11467","LINE",1,8259874
"515",2182,"NC_044229.2",8197417,".","c","<INS:ME>","32",".","MEINFO=rnd-1_family-105#Unknown,8197417,8197418,NA;NOT_VALIDATED;SVTYPE=INS","GT:GQ:FL:SP:CLIP5:CLIP3","1/1:32:8:15:3:10","1-Jan","32","8",15,3,10,"MEINFO=rnd-1_family-105.Unknown","8197417","8197418","NA;NOT_VALIDATED;SVTYPE=INS","54","rnd-1_family-105","LTR",1,8259874
"516",2,"NC_044229.2",6573220,".","T","<INS:ME>","39",".","MEINFO=rnd-5_family-8459#Unknown,6573220,6573221,NA;NOT_VALIDATED;SVTYPE=INS","GT:GQ:FL:SP:CLIP5:CLIP3","1/1:39:8:3:16:12","1-Jan","39","8",3,16,12,"MEINFO=rnd-5_family-8459.Unknown","6573220","6573221","NA;NOT_VALIDATED;SVTYPE=INS","56","rnd-5_family-8459","LTR",1,8259874
"517",1213,"NC_044229.2",7882912,".","t","<INS:ME>","37",".","MEINFO=rnd-1_family-46#Unknown,7882912,7882913,NA;NOT_VALIDATED;SVTYPE=INS","GT:GQ:FL:SP:CLIP5:CLIP3","1/1:37:8:4:6:0","1-Jan","37","8",4,6,0,"MEINFO=rnd-1_family-46.Unknown","7882912","7882913","NA;NOT_VALIDATED;SVTYPE=INS","56","rnd-1_family-46","LTR",1,8259874
"518",15,"NC_044229.2",4395461,".","a","<INS:ME>","12",".","MEINFO=rnd-5_family-4653#LINE_CR1-rnd-5_family-4876#LTR_ERVK-hybrid,4395461,4395462,NA;NOT_VALIDATED;SVTYPE=INS","GT:GQ:FL:SP:CLIP5:CLIP3","1/1:12:8:7:0:0","1-Jan","12","8",7,0,0,"MEINFO=rnd-5_family-4653.LINE_CR1-rnd-5_family-4876.LTR_ERVK-hybrid","4395461","4395462","NA;NOT_VALIDATED;SVTYPE=INS","58","rnd-5_family-4653","LINE",1,8259874
"519",1364,"NC_044229.2",7882886,".","c","<INS:ME>","17",".","MEINFO=rnd-1_family-46#Unknown,7882886,7882887,NA;NOT_VALIDATED;SVTYPE=INS","GT:GQ:FL:SP:CLIP5:CLIP3","1/1:17:8:5:2:3","1-Jan","17","8",5,2,3,"MEINFO=rnd-1_family-46.Unknown","7882886","7882887","NA;NOT_VALIDATED;SVTYPE=INS","58","rnd-1_family-46","LTR",1,8259874
"520",1027,"NC_044229.2",907301,".","c","<INS:ME>","47",".","MEINFO=rnd-1_family-46#Unknown,907301,907302,NA;NOT_VALIDATED;SVTYPE=INS","GT:GQ:FL:SP:CLIP5:CLIP3","1/1:47:8:9:7:7","1-Jan","47","8",9,7,7,"MEINFO=rnd-1_family-46.Unknown","907301","907302","NA;NOT_VALIDATED;SVTYPE=INS","59","rnd-1_family-46","LTR",1,8259874
"521",1033,"NC_044229.2",4780488,".","T","<INS:ME>","18",".","MEINFO=rnd-5_family-4653#LINE_CR1,4780488,4780489,NA;NOT_VALIDATED;SVTYPE=INS","GT:GQ:FL:SP:CLIP5:CLIP3","1/1:18:8:9:4:1","1-Jan","18","8",9,4,1,"MEINFO=rnd-5_family-4653.LINE_CR1","4780488","4780489","NA;NOT_VALIDATED;SVTYPE=INS","59","rnd-5_family-4653","LINE",1,8259874
"522",25,"NC_044229.2",2819398,".","g","<INS:ME>","13",".","MEINFO=rnd-1_family-60#LTR_ERVK,2819398,2819399,NA;NOT_VALIDATED;SVTYPE=INS","GT:GQ:FL:SP:CLIP5:CLIP3","1/1:13:8:2:0:0","1-Jan","13","8",2,0,0,"MEINFO=rnd-1_family-60.LTR_ERVK","2819398","2819399","NA;NOT_VALIDATED;SVTYPE=INS","62","rnd-1_family-60","LTR",1,8259874
"523",378,"NC_044229.2",2124381,".","g","<INS:ME>","34",".","MEINFO=rnd-5_family-11467#Unknown,2124381,2124382,NA;NOT_VALIDATED;SVTYPE=INS","GT:GQ:FL:SP:CLIP5:CLIP3","1/1:34:8:12:10:7","1-Jan","34","8",12,10,7,"MEINFO=rnd-5_family-11467.Unknown","2124381","2124382","NA;NOT_VALIDATED;SVTYPE=INS","64","rnd-5_family-11467","LINE",1,8259874
"524",342,"NC_044229.2",1734098,".","C","<INS:ME>","28",".","MEINFO=rnd-1_family-102#LTR_ERVL,1734098,1734099,NA;NOT_VALIDATED;SVTYPE=INS","GT:GQ:FL:SP:CLIP5:CLIP3","1/1:28:8:7:3:1","1-Jan","28","8",7,3,1,"MEINFO=rnd-1_family-102.LTR_ERVL","1734098","1734099","NA;NOT_VALIDATED;SVTYPE=INS","67","rnd-1_family-102","LTR",1,8259874
"525",12,"NC_044229.2",2480621,".","a","<INS:ME>","28",".","MEINFO=TEs-rnd-4_family-2270#LTR_ERV1-hybrid,2480621,2480622,NA;NOT_VALIDATED;SVTYPE=INS","GT:GQ:FL:SP:CLIP5:CLIP3","1/1:28:8:3:5:9","1-Jan","28","8",3,5,9,"MEINFO=TEs-rnd-4_family-2270.LTR_ERV1-hybrid","2480621","2480622","NA;NOT_VALIDATED;SVTYPE=INS","75","TEs-rnd-4_family-2270","LTR",1,8259874
"526",7,"NC_044229.2",1884206,".","t","<INS:ME>","34",".","MEINFO=rnd-1_family-81#LTR_ERVL,1884206,1884207,NA;NOT_VALIDATED;SVTYPE=INS","GT:GQ:FL:SP:CLIP5:CLIP3","1/1:34:8:8:5:3","1-Jan","34","8",8,5,3,"MEINFO=rnd-1_family-81.LTR_ERVL","1884206","1884207","NA;NOT_VALIDATED;SVTYPE=INS","78","rnd-1_family-81","LTR",1,8259874
"527",287,"NC_044229.2",4395247,".","C","<INS:ME>","13",".","MEINFO=rnd-5_family-4876#LTR_ERVK,4395247,4395248,NA;NOT_VALIDATED;SVTYPE=INS","GT:GQ:FL:SP:CLIP5:CLIP3","1/1:13:8:6:1:1","1-Jan","13","8",6,1,1,"MEINFO=rnd-5_family-4876.LTR_ERVK","4395247","4395248","NA;NOT_VALIDATED;SVTYPE=INS","82","rnd-5_family-4876","LTR",1,8259874
"528",1342,"NC_044230.2",6130745,".","T","<INS:ME>","29",".","MEINFO=rnd-3_family-280#SINE_tRNA,6130745,6130746,NA;NOT_VALIDATED;SVTYPE=INS","GT:GQ:FL:SP:CLIP5:CLIP3","1/1:29:8:2:7:11","1-Jan","29","8",2,7,11,"MEINFO=rnd-3_family-280.SINE_tRNA","6130745","6130746","NA;NOT_VALIDATED;SVTYPE=INS","24","rnd-3_family-280","SINE",1,7987059
"529",1529,"NC_044230.2",4904904,".","g","<INS:ME>","29",".","MEINFO=ltr-1_family-80#LTR_Unknown-TEs-hybrid,4904904,4904905,NA;NOT_VALIDATED;SVTYPE=INS","GT:GQ:FL:SP:CLIP5:CLIP3","1/1:29:8:8:12:5","1-Jan","29","8",8,12,5,"MEINFO=ltr-1_family-80.LTR_Unknown-TEs-hybrid","4904904","4904905","NA;NOT_VALIDATED;SVTYPE=INS","29","ltr-1_family-80","Unknown",1,7987059
"530",1545,"NC_044230.2",5986515,".","c","<INS:ME>","67",".","MEINFO=TEs-rnd-3_family-1312#LTR_ERV1-hybrid,5986515,5986516,NA;NOT_VALIDATED;SVTYPE=INS","GT:GQ:FL:SP:CLIP5:CLIP3","1/1:67:8:0:10:29","1-Jan","67","8",0,10,29,"MEINFO=TEs-rnd-3_family-1312.LTR_ERV1-hybrid","5986515","5986516","NA;NOT_VALIDATED;SVTYPE=INS","29","TEs-rnd-3_family-1312","LTR",1,7987059
"531",10,"NC_044230.2",6130736,".","C","<INS:ME>","29",".","MEINFO=rnd-3_family-280#SINE_tRNA,6130736,6130737,NA;NOT_VALIDATED;SVTYPE=INS","GT:GQ:FL:SP:CLIP5:CLIP3","1/1:29:8:15:12:4","1-Jan","29","8",15,12,4,"MEINFO=rnd-3_family-280.SINE_tRNA","6130736","6130737","NA;NOT_VALIDATED;SVTYPE=INS","38","rnd-3_family-280","SINE",1,7987059
"532",8,"NC_044230.2",10666137,".","a","<INS:ME>","18",".","MEINFO=rnd-1_family-60#LTR_ERVK,10666137,10666138,NA;NOT_VALIDATED;SVTYPE=INS","GT:GQ:FL:SP:CLIP5:CLIP3","1/1:18:8:16:1:5","1-Jan","18","8",16,1,5,"MEINFO=rnd-1_family-60.LTR_ERVK","10666137","10666138","NA;NOT_VALIDATED;SVTYPE=INS","39","rnd-1_family-60","LTR",1,7987059
"533",252,"NC_044230.2",5364732,".","c","<INS:ME>","11",".","MEINFO=TEs-rnd-1_family-60#LTR_ERVK-hybrid,5364732,5364733,NA;NOT_VALIDATED;SVTYPE=INS","GT:GQ:FL:SP:CLIP5:CLIP3","1/1:11:8:6:0:0","1-Jan","11","8",6,0,0,"MEINFO=TEs-rnd-1_family-60.LTR_ERVK-hybrid","5364732","5364733","NA;NOT_VALIDATED;SVTYPE=INS","47","TEs-rnd-1_family-60","LTR",1,7987059
"534",5,"NC_044230.2",1882698,".","G","<INS:ME>","22",".","MEINFO=rnd-1_family-60#LTR_ERVK,1882698,1882699,NA;NOT_VALIDATED;SVTYPE=INS","GT:GQ:FL:SP:CLIP5:CLIP3","1/1:22:8:23:2:4","1-Jan","22","8",23,2,4,"MEINFO=rnd-1_family-60.LTR_ERVK","1882698","1882699","NA;NOT_VALIDATED;SVTYPE=INS","54","rnd-1_family-60","LTR",1,7987059
"535",2170,"NC_044230.2",10630088,".","t","<INS:ME>","25",".","MEINFO=rnd-5_family-4876#LTR_ERVK,10630088,10630089,NA;NOT_VALIDATED;SVTYPE=INS","GT:GQ:FL:SP:CLIP5:CLIP3","1/1:25:8:4:1:1","1-Jan","25","8",4,1,1,"MEINFO=rnd-5_family-4876.LTR_ERVK","10630088","10630089","NA;NOT_VALIDATED;SVTYPE=INS","54","rnd-5_family-4876","LTR",1,7987059
"536",37,"NC_044230.2",4495588,".","T","<INS:ME>","33",".","MEINFO=rnd-4_family-4155#Unknown,4495588,4495589,NA;NOT_VALIDATED;SVTYPE=INS","GT:GQ:FL:SP:CLIP5:CLIP3","1/1:33:8:16:9:13","1-Jan","33","8",16,9,13,"MEINFO=rnd-4_family-4155.Unknown","4495588","4495589","NA;NOT_VALIDATED;SVTYPE=INS","58","rnd-4_family-4155","Unknown",1,7987059
"537",1018,"NC_044230.2",7637264,".","g","<INS:ME>","27",".","MEINFO=ltr-1_family-35#LTR_ERV1,7637264,7637265,NA;NOT_VALIDATED;SVTYPE=INS","GT:GQ:FL:SP:CLIP5:CLIP3","1/1:27:8:3:3:1","1-Jan","27","8",3,3,1,"MEINFO=ltr-1_family-35.LTR_ERV1","7637264","7637265","NA;NOT_VALIDATED;SVTYPE=INS","59","ltr-1_family-35","LTR",1,7987059
"538",4,"NC_044230.2",836721,".","c","<INS:ME>","33",".","MEINFO=ltr-1_family-64#LTR_ERV1,836721,836722,NA;NOT_VALIDATED;SVTYPE=INS","GT:GQ:FL:SP:CLIP5:CLIP3","1/1:33:8:6:9:4","1-Jan","33","8",6,9,4,"MEINFO=ltr-1_family-64.LTR_ERV1","836721","836722","NA;NOT_VALIDATED;SVTYPE=INS","64","ltr-1_family-64","LTR",1,7987059
"539",1532,"NC_044230.2",1114529,".","a","<INS:ME>","27",".","MEINFO=rnd-1_family-68#Unknown,1114529,1114530,NA;NOT_VALIDATED;SVTYPE=INS","GT:GQ:FL:SP:CLIP5:CLIP3","1/1:27:8:4:1:7","1-Jan","27","8",4,1,7,"MEINFO=rnd-1_family-68.Unknown","1114529","1114530","NA;NOT_VALIDATED;SVTYPE=INS","76","rnd-1_family-68","DNA",1,7987059
"540",1550,"NC_044230.2",5064867,".","a","<INS:ME>","23",".","MEINFO=rnd-1_family-3#LINE_CR1,5064867,5064868,NA;NOT_VALIDATED;SVTYPE=INS","GT:GQ:FL:SP:CLIP5:CLIP3","1/1:23:8:12:7:3","1-Jan","23","8",12,7,3,"MEINFO=rnd-1_family-3.LINE_CR1","5064867","5064868","NA;NOT_VALIDATED;SVTYPE=INS","76","rnd-1_family-3","LINE",1,7987059
"541",1185,"NC_044230.2",5364984,".","g","<INS:ME>","18",".","MEINFO=TEs-rnd-1_family-60#LTR_ERVK-hybrid,5364984,5364985,NA;NOT_VALIDATED;SVTYPE=INS","GT:GQ:FL:SP:CLIP5:CLIP3","1/1:18:8:24:1:3","1-Jan","18","8",24,1,3,"MEINFO=TEs-rnd-1_family-60.LTR_ERVK-hybrid","5364984","5364985","NA;NOT_VALIDATED;SVTYPE=INS","78","TEs-rnd-1_family-60","LTR",1,7987059
"542",12,"NC_044231.2",1122706,".","t","<INS:ME>","35",".","MEINFO=rnd-1_family-46#Unknown,1122706,1122707,NA;NOT_VALIDATED;SVTYPE=INS","GT:GQ:FL:SP:CLIP5:CLIP3","1/1:35:8:7:10:3","1-Jan","35","8",7,10,3,"MEINFO=rnd-1_family-46.Unknown","1122706","1122707","NA;NOT_VALIDATED;SVTYPE=INS","44","rnd-1_family-46","LTR",1,6073015
"543",2216,"NC_044231.2",1122714,".","a","<INS:ME>","33",".","MEINFO=TEs-rnd-1_family-105#Unknown-hybrid,1122714,1122715,NA;NOT_VALIDATED;SVTYPE=INS","GT:GQ:FL:SP:CLIP5:CLIP3","1/1:33:8:5:8:3","1-Jan","33","8",5,8,3,"MEINFO=TEs-rnd-1_family-105.Unknown-hybrid","1122714","1122715","NA;NOT_VALIDATED;SVTYPE=INS","54","TEs-rnd-1_family-105","LTR",1,6073015
"544",10,"NC_044231.2",1122667,".","t","<INS:ME>","32",".","MEINFO=rnd-1_family-46#Unknown,1122667,1122668,NA;NOT_VALIDATED;SVTYPE=INS","GT:GQ:FL:SP:CLIP5:CLIP3","1/1:32:8:9:5:3","1-Jan","32","8",9,5,3,"MEINFO=rnd-1_family-46.Unknown","1122667","1122668","NA;NOT_VALIDATED;SVTYPE=INS","57","rnd-1_family-46","LTR",1,6073015
"545",1009,"NC_044231.2",5480227,".","c","<INS:ME>","20",".","MEINFO=TEs-ltr-1_family-47#LINE_CR1-hybrid,5480227,5480228,NA;NOT_VALIDATED;SVTYPE=INS","GT:GQ:FL:SP:CLIP5:CLIP3","1/1:20:8:19:2:5","1-Jan","20","8",19,2,5,"MEINFO=TEs-ltr-1_family-47.LINE_CR1-hybrid","5480227","5480228","NA;NOT_VALIDATED;SVTYPE=INS","59","TEs-ltr-1_family-47","LINE",1,6073015
"546",381,"NC_044231.2",8231845,".","T","<INS:ME>","13",".","MEINFO=TEs-rnd-5_family-9361#LINE_CR1-hybrid,8231845,8231846,NA;NOT_VALIDATED;SVTYPE=INS","GT:GQ:FL:SP:CLIP5:CLIP3","1/1:13:8:12:1:1","1-Jan","13","8",12,1,1,"MEINFO=TEs-rnd-5_family-9361.LINE_CR1-hybrid","8231845","8231846","NA;NOT_VALIDATED;SVTYPE=INS","64","TEs-rnd-5_family-9361","LINE",1,6073015
"547",1534,"NC_044231.2",2153838,".","t","<INS:ME>","21",".","MEINFO=rnd-1_family-46#Unknown,2153838,2153839,NA;NOT_VALIDATED;SVTYPE=INS","GT:GQ:FL:SP:CLIP5:CLIP3","1/1:21:8:5:4:5","1-Jan","21","8",5,4,5,"MEINFO=rnd-1_family-46.Unknown","2153838","2153839","NA;NOT_VALIDATED;SVTYPE=INS","73","rnd-1_family-46","LTR",1,6073015
"548",1207,"NC_044231.2",7722222,".","c","<INS:ME>","77",".","MEINFO=rnd-5_family-841#Unknown,7722222,7722223,NA;NOT_VALIDATED;SVTYPE=INS","GT:GQ:FL:SP:CLIP5:CLIP3","1/1:77:8:4:19:19","1-Jan","77","8",4,19,19,"MEINFO=rnd-5_family-841.Unknown","7722222","7722223","NA;NOT_VALIDATED;SVTYPE=INS","78","rnd-5_family-841","LTR",1,6073015
"549",1353,"NC_044232.2",6189458,".","A","<INS:ME>","39",".","MEINFO=ltr-1_family-40#LTR_ERVK,6189458,6189459,NA;NOT_VALIDATED;SVTYPE=INS","GT:GQ:FL:SP:CLIP5:CLIP3","1/1:39:8:0:12:14","1-Jan","39","8",0,12,14,"MEINFO=ltr-1_family-40.LTR_ERVK","6189458","6189459","NA;NOT_VALIDATED;SVTYPE=INS","24","ltr-1_family-40","LTR",1,10685825
"550",1,"NC_044232.2",2431104,".","t","<INS:ME>","14",".","MEINFO=rnd-1_family-60#LTR_ERVK-TEs-hybrid,2431104,2431105,NA;NOT_VALIDATED;SVTYPE=INS","GT:GQ:FL:SP:CLIP5:CLIP3","1/1:14:8:1:1:0","1-Jan","14","8",1,1,0,"MEINFO=rnd-1_family-60.LTR_ERVK-TEs-hybrid","2431104","2431105","NA;NOT_VALIDATED;SVTYPE=INS","28","rnd-1_family-60","LTR",1,10685825
"551",1522,"NC_044232.2",11056080,".","a","<INS:ME>","37",".","MEINFO=ltr-1_family-35#LTR_ERV1,11056080,11056081,NA;NOT_VALIDATED;SVTYPE=INS","GT:GQ:FL:SP:CLIP5:CLIP3","1/1:37:8:3:0:0","1-Jan","37","8",3,0,0,"MEINFO=ltr-1_family-35.LTR_ERV1","11056080","11056081","NA;NOT_VALIDATED;SVTYPE=INS","29","ltr-1_family-35","LTR",1,10685825
"552",1,"NC_044232.2",11354652,".","C","<INS:ME>","22",".","MEINFO=ltr-1_family-42#LTR_ERV1,11354652,11354653,NA;NOT_VALIDATED;SVTYPE=INS","GT:GQ:FL:SP:CLIP5:CLIP3","1/1:22:8:12:4:4","1-Jan","22","8",12,4,4,"MEINFO=ltr-1_family-42.LTR_ERV1","11354652","11354653","NA;NOT_VALIDATED;SVTYPE=INS","31","ltr-1_family-42","LTR",1,10685825
"553",894,"NC_044232.2",12990932,".","c","<INS:ME>","21",".","MEINFO=rnd-1_family-60#LTR_ERVK-TEs-hybrid,12990932,12990933,NA;NOT_VALIDATED;SVTYPE=INS","GT:GQ:FL:SP:CLIP5:CLIP3","1/1:21:8:5:6:3","1-Jan","21","8",5,6,3,"MEINFO=rnd-1_family-60.LTR_ERVK-TEs-hybrid","12990932","12990933","NA;NOT_VALIDATED;SVTYPE=INS","33","rnd-1_family-60","LTR",1,10685825
"554",6,"NC_044232.2",13735650,".","A","<INS:ME>","14",".","MEINFO=TEs-rnd-1_family-60#LTR_ERVK-hybrid,13735650,13735651,NA;NOT_VALIDATED;SVTYPE=INS","GT:GQ:FL:SP:CLIP5:CLIP3","1/1:14:8:7:1:0","1-Jan","14","8",7,1,0,"MEINFO=TEs-rnd-1_family-60.LTR_ERVK-hybrid","13735650","13735651","NA;NOT_VALIDATED;SVTYPE=INS","34","TEs-rnd-1_family-60","LTR",1,10685825
"555",6,"NC_044232.2",12990954,".","a","<INS:ME>","29",".","MEINFO=rnd-1_family-60#LTR_ERVK,12990954,12990955,NA;NOT_VALIDATED;SVTYPE=INS","GT:GQ:FL:SP:CLIP5:CLIP3","1/1:29:8:0:2:6","1-Jan","29","8",0,2,6,"MEINFO=rnd-1_family-60.LTR_ERVK","12990954","12990955","NA;NOT_VALIDATED;SVTYPE=INS","38","rnd-1_family-60","LTR",1,10685825
"556",9,"NC_044232.2",12990926,".","t","<INS:ME>","36",".","MEINFO=rnd-1_family-60#LTR_ERVK,12990926,12990927,NA;NOT_VALIDATED;SVTYPE=INS","GT:GQ:FL:SP:CLIP5:CLIP3","1/1:36:8:6:7:5","1-Jan","36","8",6,7,5,"MEINFO=rnd-1_family-60.LTR_ERVK","12990926","12990927","NA;NOT_VALIDATED;SVTYPE=INS","39","rnd-1_family-60","LTR",1,10685825
"557",8,"NC_044232.2",6189447,".","A","<INS:ME>","44",".","MEINFO=rnd-5_family-19949#LTR_ERVK,6189447,6189448,NA;NOT_VALIDATED;SVTYPE=INS","GT:GQ:FL:SP:CLIP5:CLIP3","1/1:44:8:1:18:10","1-Jan","44","8",1,18,10,"MEINFO=rnd-5_family-19949.LTR_ERVK","6189447","6189448","NA;NOT_VALIDATED;SVTYPE=INS","40","rnd-5_family-19949","LTR",1,10685825
"558",9,"NC_044232.2",11354639,".","A","<INS:ME>","37",".","MEINFO=ltr-1_family-42#LTR_ERV1,11354639,11354640,NA;NOT_VALIDATED;SVTYPE=INS","GT:GQ:FL:SP:CLIP5:CLIP3","1/1:37:8:18:17:5","1-Jan","37","8",18,17,5,"MEINFO=ltr-1_family-42.LTR_ERV1","11354639","11354640","NA;NOT_VALIDATED;SVTYPE=INS","40","ltr-1_family-42","LTR",1,10685825
"559",1367,"NC_044232.2",12292040,".","a","<INS:ME>","25",".","MEINFO=rnd-1_family-46#Unknown,12292040,12292041,NA;NOT_VALIDATED;SVTYPE=INS","GT:GQ:FL:SP:CLIP5:CLIP3","1/1:25:8:15:8:7","1-Jan","25","8",15,8,7,"MEINFO=rnd-1_family-46.Unknown","12292040","12292041","NA;NOT_VALIDATED;SVTYPE=INS","40","rnd-1_family-46","LTR",1,10685825
"560",15,"NC_044232.2",13957784,".","C","<INS:ME>","37",".","MEINFO=rnd-5_family-3141#LINE_CR1-TEs-hybrid,13957784,13957785,NA;NOT_VALIDATED;SVTYPE=INS","GT:GQ:FL:SP:CLIP5:CLIP3","1/1:37:8:0:11:10","1-Jan","37","8",0,11,10,"MEINFO=rnd-5_family-3141.LINE_CR1-TEs-hybrid","13957784","13957785","NA;NOT_VALIDATED;SVTYPE=INS","56","rnd-5_family-3141","LINE",1,10685825
"561",1354,"NC_044232.2",6189458,".","A","<INS:ME>","43",".","MEINFO=rnd-5_family-19949#LTR_ERVK,6189458,6189459,NA;NOT_VALIDATED;SVTYPE=INS","GT:GQ:FL:SP:CLIP5:CLIP3","1/1:43:8:0:14:15","1-Jan","43","8",0,14,15,"MEINFO=rnd-5_family-19949.LTR_ERVK","6189458","6189459","NA;NOT_VALIDATED;SVTYPE=INS","58","rnd-5_family-19949","LTR",1,10685825
"562",3,"NC_044232.2",6189452,".","A","<INS:ME>","39",".","MEINFO=rnd-5_family-19949#LTR_ERVK,6189452,6189453,NA;NOT_VALIDATED;SVTYPE=INS","GT:GQ:FL:SP:CLIP5:CLIP3","1/1:39:8:4:13:9","1-Jan","39","8",4,13,9,"MEINFO=rnd-5_family-19949.LTR_ERVK","6189452","6189453","NA;NOT_VALIDATED;SVTYPE=INS","59","rnd-5_family-19949","LTR",1,10685825
"563",1005,"NC_044232.2",13378654,".","G","<INS:ME>","29",".","MEINFO=rnd-1_family-46#Unknown-TEs-hybrid,13378654,13378655,NA;NOT_VALIDATED;SVTYPE=INS","GT:GQ:FL:SP:CLIP5:CLIP3","1/1:29:8:12:4:12","1-Jan","29","8",12,4,12,"MEINFO=rnd-1_family-46.Unknown-TEs-hybrid","13378654","13378655","NA;NOT_VALIDATED;SVTYPE=INS","59","rnd-1_family-46","LTR",1,10685825
"564",1,"NC_044232.2",13041135,".","A","<INS:ME>","53",".","MEINFO=ltr-1_family-36#LTR_Unknown,13041135,13041136,NA;NOT_VALIDATED;SVTYPE=INS","GT:GQ:FL:SP:CLIP5:CLIP3","1/1:53:8:1:13:20","1-Jan","53","8",1,13,20,"MEINFO=ltr-1_family-36.LTR_Unknown","13041135","13041136","NA;NOT_VALIDATED;SVTYPE=INS","73","ltr-1_family-36","Unknown",1,10685825
"565",1495,"NC_044232.2",12990888,".","g","<INS:ME>","28",".","MEINFO=rnd-1_family-60#LTR_ERVK-TEs-hybrid,12990888,12990889,NA;NOT_VALIDATED;SVTYPE=INS","GT:GQ:FL:SP:CLIP5:CLIP3","1/1:28:8:13:8:3","1-Jan","28","8",13,8,3,"MEINFO=rnd-1_family-60.LTR_ERVK-TEs-hybrid","12990888","12990889","NA;NOT_VALIDATED;SVTYPE=INS","73","rnd-1_family-60","LTR",1,10685825
"566",17,"NC_044232.2",12991086,".","c","<INS:ME>","23",".","MEINFO=rnd-1_family-60#LTR_ERVK-TEs-hybrid,12991086,12991087,NA;NOT_VALIDATED;SVTYPE=INS","GT:GQ:FL:SP:CLIP5:CLIP3","1/1:23:8:1:4:5","1-Jan","23","8",1,4,5,"MEINFO=rnd-1_family-60.LTR_ERVK-TEs-hybrid","12991086","12991087","NA;NOT_VALIDATED;SVTYPE=INS","74","rnd-1_family-60","LTR",1,10685825
"567",2,"NC_044232.2",10915912,".","a","<INS:ME>","21",".","MEINFO=rnd-5_family-12866#Unknown,10915912,10915913,NA;NOT_VALIDATED;SVTYPE=INS","GT:GQ:FL:SP:CLIP5:CLIP3","1/1:21:8:3:2:0","1-Jan","21","8",3,2,0,"MEINFO=rnd-5_family-12866.Unknown","10915912","10915913","NA;NOT_VALIDATED;SVTYPE=INS","75","rnd-5_family-12866","LTR",1,10685825
"568",5,"NC_044232.2",11509106,".","T","<INS:ME>","51",".","MEINFO=ltr-1_family-97#LINE_CR1-rnd-1_family-4#LINE_CR1-hybrid,11509106,11509107,NA;NOT_VALIDATED;SVTYPE=INS","GT:GQ:FL:SP:CLIP5:CLIP3","1/1:51:8:0:19:15","1-Jan","51","8",0,19,15,"MEINFO=ltr-1_family-97.LINE_CR1-rnd-1_family-4.LINE_CR1-hybrid","11509106","11509107","NA;NOT_VALIDATED;SVTYPE=INS","75","ltr-1_family-97","LINE",1,10685825
"569",1527,"NC_044232.2",12990938,".","t","<INS:ME>","32",".","MEINFO=rnd-1_family-60#LTR_ERVK,12990938,12990939,NA;NOT_VALIDATED;SVTYPE=INS","GT:GQ:FL:SP:CLIP5:CLIP3","1/1:32:8:1:1:5","1-Jan","32","8",1,1,5,"MEINFO=rnd-1_family-60.LTR_ERVK","12990938","12990939","NA;NOT_VALIDATED;SVTYPE=INS","76","rnd-1_family-60","LTR",1,10685825
"570",9,"NC_044232.2",11354929,".","c","<INS:ME>","32",".","MEINFO=ltr-1_family-42#LTR_ERV1,11354929,11354930,NA;NOT_VALIDATED;SVTYPE=INS","GT:GQ:FL:SP:CLIP5:CLIP3","1/1:32:8:14:3:9","1-Jan","32","8",14,3,9,"MEINFO=ltr-1_family-42.LTR_ERV1","11354929","11354930","NA;NOT_VALIDATED;SVTYPE=INS","78","ltr-1_family-42","LTR",1,10685825
"571",1347,"NC_044233.2",6183714,".","C","<INS:ME>","31",".","MEINFO=rnd-1_family-49#LTR_ERV1,6183714,6183715,NA;NOT_VALIDATED;SVTYPE=INS","GT:GQ:FL:SP:CLIP5:CLIP3","1/1:31:8:9:6:10","1-Jan","31","8",9,6,10,"MEINFO=rnd-1_family-49.LTR_ERV1","6183714","6183715","NA;NOT_VALIDATED;SVTYPE=INS","24","rnd-1_family-49","LTR",1,5505768
"572",1557,"NC_044233.2",1631144,".","c","<INS:ME>","23",".","MEINFO=ltr-1_family-40#LTR_ERVK,1631144,1631145,NA;NOT_VALIDATED;SVTYPE=INS","GT:GQ:FL:SP:CLIP5:CLIP3","1/1:23:8:2:1:10","1-Jan","23","8",2,1,10,"MEINFO=ltr-1_family-40.LTR_ERVK","1631144","1631145","NA;NOT_VALIDATED;SVTYPE=INS","29","ltr-1_family-40","LTR",1,5505768
"573",1171,"NC_044233.2",1631186,".","c","<INS:ME>","21",".","MEINFO=rnd-1_family-47#LTR_ERVK,1631186,1631187,NA;NOT_VALIDATED;SVTYPE=INS","GT:GQ:FL:SP:CLIP5:CLIP3","1/1:21:8:1:7:4","1-Jan","21","8",1,7,4,"MEINFO=rnd-1_family-47.LTR_ERVK","1631186","1631187","NA;NOT_VALIDATED;SVTYPE=INS","44","rnd-1_family-47","LTR",1,5505768
"574",11,"NC_044233.2",1030709,".","T","<INS:ME>","51",".","MEINFO=rnd-5_family-23612#LINE_CR1,1030709,1030710,NA;NOT_VALIDATED;SVTYPE=INS","GT:GQ:FL:SP:CLIP5:CLIP3","1/1:51:8:6:23:14","1-Jan","51","8",6,23,14,"MEINFO=rnd-5_family-23612.LINE_CR1","1030709","1030710","NA;NOT_VALIDATED;SVTYPE=INS","54","rnd-5_family-23612","LINE",1,5505768
"575",8,"NC_044233.2",281046,".","G","<INS:ME>","71",".","MEINFO=rnd-1_family-38#Unknown-TEs-hybrid,281046,281047,NA;NOT_VALIDATED;SVTYPE=INS","GT:GQ:FL:SP:CLIP5:CLIP3","1/1:71:8:10:32:27","1-Jan","71","8",10,32,27,"MEINFO=rnd-1_family-38.Unknown-TEs-hybrid","281046","281047","NA;NOT_VALIDATED;SVTYPE=INS","56","rnd-1_family-38","Unknown",1,5505768
"576",1352,"NC_044233.2",4525003,".","C","<INS:ME>","26",".","MEINFO=ltr-1_family-79#LTR_ERVK,4525003,4525004,NA;NOT_VALIDATED;SVTYPE=INS","GT:GQ:FL:SP:CLIP5:CLIP3","1/1:26:8:13:6:6","1-Jan","26","8",13,6,6,"MEINFO=ltr-1_family-79.LTR_ERVK","4525003","4525004","NA;NOT_VALIDATED;SVTYPE=INS","58","ltr-1_family-79","LTR",1,5505768
"577",17,"NC_044233.2",2913219,".","t","<INS:ME>","35",".","MEINFO=ltr-1_family-22#LTR_ERVK,2913219,2913220,NA;NOT_VALIDATED;SVTYPE=INS","GT:GQ:FL:SP:CLIP5:CLIP3","1/1:35:8:8:15:9","1-Jan","35","8",8,15,9,"MEINFO=ltr-1_family-22.LTR_ERVK","2913219","2913220","NA;NOT_VALIDATED;SVTYPE=INS","62","ltr-1_family-22","LTR",1,5505768
"578",1541,"NC_044233.2",1631192,".","T","<INS:ME>","21",".","MEINFO=rnd-1_family-47#LTR_ERVK,1631192,1631193,NA;NOT_VALIDATED;SVTYPE=INS","GT:GQ:FL:SP:CLIP5:CLIP3","1/1:21:8:1:6:2","1-Jan","21","8",1,6,2,"MEINFO=rnd-1_family-47.LTR_ERVK","1631192","1631193","NA;NOT_VALIDATED;SVTYPE=INS","73","rnd-1_family-47","LTR",1,5505768
"579",1162,"NC_044233.2",2913224,".","c","<INS:ME>","38",".","MEINFO=ltr-1_family-22#LTR_ERVK,2913224,2913225,NA;NOT_VALIDATED;SVTYPE=INS","GT:GQ:FL:SP:CLIP5:CLIP3","1/1:38:8:1:14:10","1-Jan","38","8",1,14,10,"MEINFO=ltr-1_family-22.LTR_ERVK","2913224","2913225","NA;NOT_VALIDATED;SVTYPE=INS","75","ltr-1_family-22","LTR",1,5505768
"580",1168,"NC_044233.2",1631144,".","c","<INS:ME>","28",".","MEINFO=rnd-1_family-47#LTR_ERVK,1631144,1631145,NA;NOT_VALIDATED;SVTYPE=INS","GT:GQ:FL:SP:CLIP5:CLIP3","1/1:28:8:5:7:4","1-Jan","28","8",5,7,4,"MEINFO=rnd-1_family-47.LTR_ERVK","1631144","1631145","NA;NOT_VALIDATED;SVTYPE=INS","75","rnd-1_family-47","LTR",1,5505768
"581",1176,"NC_044233.2",6210296,".","t","<INS:ME>","15",".","MEINFO=rnd-1_family-60#LTR_ERVK,6210296,6210297,NA;NOT_VALIDATED;SVTYPE=INS","GT:GQ:FL:SP:CLIP5:CLIP3","1/1:15:8:5:0:0","1-Jan","15","8",5,0,0,"MEINFO=rnd-1_family-60.LTR_ERVK","6210296","6210297","NA;NOT_VALIDATED;SVTYPE=INS","75","rnd-1_family-60","LTR",1,5505768
"582",1533,"NC_044233.2",1631189,".","A","<INS:ME>","46",".","MEINFO=rnd-1_family-47#LTR_ERVK,1631189,1631190,NA;NOT_VALIDATED;SVTYPE=INS","GT:GQ:FL:SP:CLIP5:CLIP3","1/1:46:8:3:14:8","1-Jan","46","8",3,14,8,"MEINFO=rnd-1_family-47.LTR_ERVK","1631189","1631190","NA;NOT_VALIDATED;SVTYPE=INS","76","rnd-1_family-47","LTR",1,5505768
"583",1543,"NC_044233.2",2913224,".","c","<INS:ME>","59",".","MEINFO=ltr-1_family-22#LTR_ERVK,2913224,2913225,NA;NOT_VALIDATED;SVTYPE=INS","GT:GQ:FL:SP:CLIP5:CLIP3","1/1:59:8:1:25:20","1-Jan","59","8",1,25,20,"MEINFO=ltr-1_family-22.LTR_ERVK","2913224","2913225","NA;NOT_VALIDATED;SVTYPE=INS","76","ltr-1_family-22","LTR",1,5505768
"584",6,"NC_044234.2",3255330,".","a","<INS:ME>","10",".","MEINFO=rnd-1_family-46#Unknown,3255330,3255331,NA;NOT_VALIDATED;SVTYPE=INS","GT:GQ:FL:SP:CLIP5:CLIP3","1/1:10:8:8:0:0","1-Jan","10","8",8,0,0,"MEINFO=rnd-1_family-46.Unknown","3255330","3255331","NA;NOT_VALIDATED;SVTYPE=INS","18","rnd-1_family-46","LTR",1,3097601
"585",8,"NC_044234.2",2536253,".","a","<INS:ME>","17",".","MEINFO=rnd-1_family-69#LTR_ERVK,2536253,2536254,NA;NOT_VALIDATED;SVTYPE=INS","GT:GQ:FL:SP:CLIP5:CLIP3","1/1:17:8:8:0:4","1-Jan","17","8",8,0,4,"MEINFO=rnd-1_family-69.LTR_ERVK","2536253","2536254","NA;NOT_VALIDATED;SVTYPE=INS","20","rnd-1_family-69","LTR",1,3097601
"586",4,"NC_044234.2",2536239,".","a","<INS:ME>","35",".","MEINFO=rnd-1_family-69#LTR_ERVK,2536239,2536240,NA;NOT_VALIDATED;SVTYPE=INS","GT:GQ:FL:SP:CLIP5:CLIP3","1/1:35:8:9:9:7","1-Jan","35","8",9,9,7,"MEINFO=rnd-1_family-69.LTR_ERVK","2536239","2536240","NA;NOT_VALIDATED;SVTYPE=INS","38","rnd-1_family-69","LTR",1,3097601
"587",19,"NC_044234.2",2870148,".","t","<INS:ME>","22",".","MEINFO=rnd-1_family-46#Unknown,2870148,2870149,NA;NOT_VALIDATED;SVTYPE=INS","GT:GQ:FL:SP:CLIP5:CLIP3","1/1:22:8:5:2:5","1-Jan","22","8",5,2,5,"MEINFO=rnd-1_family-46.Unknown","2870148","2870149","NA;NOT_VALIDATED;SVTYPE=INS","38","rnd-1_family-46","LTR",1,3097601
"588",20,"NC_044234.2",3461470,".","c","<INS:ME>","18",".","MEINFO=rnd-1_family-46#Unknown,3461470,3461471,NA;NOT_VALIDATED;SVTYPE=INS","GT:GQ:FL:SP:CLIP5:CLIP3","1/1:18:8:7:1:5","1-Jan","18","8",7,1,5,"MEINFO=rnd-1_family-46.Unknown","3461470","3461471","NA;NOT_VALIDATED;SVTYPE=INS","38","rnd-1_family-46","LTR",1,3097601
"589",15,"NC_044234.2",2196423,".","c","<INS:ME>","18",".","MEINFO=rnd-1_family-46#Unknown,2196423,2196424,NA;NOT_VALIDATED;SVTYPE=INS","GT:GQ:FL:SP:CLIP5:CLIP3","1/1:18:8:6:2:1","1-Jan","18","8",6,2,1,"MEINFO=rnd-1_family-46.Unknown","2196423","2196424","NA;NOT_VALIDATED;SVTYPE=INS","39","rnd-1_family-46","LTR",1,3097601
"590",24,"NC_044234.2",2870149,".","g","<INS:ME>","23",".","MEINFO=rnd-1_family-46#Unknown-rnd-1_family-105#Unknown-hybrid,2870149,2870150,NA;NOT_VALIDATED;SVTYPE=INS","GT:GQ:FL:SP:CLIP5:CLIP3","1/1:23:8:6:3:4","1-Jan","23","8",6,3,4,"MEINFO=rnd-1_family-46.Unknown-rnd-1_family-105.Unknown-hybrid","2870149","2870150","NA;NOT_VALIDATED;SVTYPE=INS","39","rnd-1_family-46","LTR",1,3097601
"591",1368,"NC_044234.2",3022347,".","g","<INS:ME>","25",".","MEINFO=rnd-1_family-46#Unknown,3022347,3022348,NA;NOT_VALIDATED;SVTYPE=INS","GT:GQ:FL:SP:CLIP5:CLIP3","1/1:25:8:0:2:0","1-Jan","25","8",0,2,0,"MEINFO=rnd-1_family-46.Unknown","3022347","3022348","NA;NOT_VALIDATED;SVTYPE=INS","40","rnd-1_family-46","LTR",1,3097601
"592",6,"NC_044234.2",2908631,".","t","<INS:ME>","25",".","MEINFO=rnd-1_family-60#LTR_ERVK,2908631,2908632,NA;NOT_VALIDATED;SVTYPE=INS","GT:GQ:FL:SP:CLIP5:CLIP3","1/1:25:8:10:7:6","1-Jan","25","8",10,7,6,"MEINFO=rnd-1_family-60.LTR_ERVK","2908631","2908632","NA;NOT_VALIDATED;SVTYPE=INS","44","rnd-1_family-60","LTR",1,3097601
"593",2238,"NC_044234.2",3031417,".","A","<INS:ME>","14",".","MEINFO=rnd-1_family-46#Unknown,3031417,3031418,NA;NOT_VALIDATED;SVTYPE=INS","GT:GQ:FL:SP:CLIP5:CLIP3","1/1:14:8:17:1:0","1-Jan","14","8",17,1,0,"MEINFO=rnd-1_family-46.Unknown","3031417","3031418","NA;NOT_VALIDATED;SVTYPE=INS","54","rnd-1_family-46","LTR",1,3097601
"594",56,"NC_044234.2",1151253,".","G","<INS:ME>","19",".","MEINFO=ltr-1_family-32#LINE_CR1,1151253,1151254,NA;NOT_VALIDATED;SVTYPE=INS","GT:GQ:FL:SP:CLIP5:CLIP3","1/1:19:8:11:2:3","1-Jan","19","8",11,2,3,"MEINFO=ltr-1_family-32.LINE_CR1","1151253","1151254","NA;NOT_VALIDATED;SVTYPE=INS","57","ltr-1_family-32","LINE",1,3097601
"595",28,"NC_044234.2",1151259,".","G","<INS:ME>","17",".","MEINFO=ltr-1_family-32#LINE_CR1,1151259,1151260,NA;NOT_VALIDATED;SVTYPE=INS","GT:GQ:FL:SP:CLIP5:CLIP3","1/1:17:8:13:0:1","1-Jan","17","8",13,0,1,"MEINFO=ltr-1_family-32.LINE_CR1","1151259","1151260","NA;NOT_VALIDATED;SVTYPE=INS","58","ltr-1_family-32","LINE",1,3097601
"596",1028,"NC_044234.2",3216867,".","g","<INS:ME>","26",".","MEINFO=rnd-1_family-46#Unknown,3216867,3216868,NA;NOT_VALIDATED;SVTYPE=INS","GT:GQ:FL:SP:CLIP5:CLIP3","1/1:26:8:19:1:8","1-Jan","26","8",19,1,8,"MEINFO=rnd-1_family-46.Unknown","3216867","3216868","NA;NOT_VALIDATED;SVTYPE=INS","59","rnd-1_family-46","LTR",1,3097601
"597",1029,"NC_044234.2",4195336,".","g","<INS:ME>","42",".","MEINFO=ltr-1_family-108#LTR_ERVK,4195336,4195337,NA;NOT_VALIDATED;SVTYPE=INS","GT:GQ:FL:SP:CLIP5:CLIP3","1/1:42:8:2:21:8","1-Jan","42","8",2,21,8,"MEINFO=ltr-1_family-108.LTR_ERVK","4195336","4195337","NA;NOT_VALIDATED;SVTYPE=INS","59","ltr-1_family-108","LTR",1,3097601
"598",1173,"NC_044234.2",3022323,".","g","<INS:ME>","22",".","MEINFO=rnd-1_family-46#Unknown,3022323,3022324,NA;NOT_VALIDATED;SVTYPE=INS","GT:GQ:FL:SP:CLIP5:CLIP3","1/1:22:8:0:0:0","1-Jan","22","8",0,0,0,"MEINFO=rnd-1_family-46.Unknown","3022323","3022324","NA;NOT_VALIDATED;SVTYPE=INS","75","rnd-1_family-46","LTR",1,3097601
"599",636,"NC_044234.2",3216927,".","c","<INS:ME>","20",".","MEINFO=rnd-1_family-46#Unknown,3216927,3216928,NA;NOT_VALIDATED;SVTYPE=INS","GT:GQ:FL:SP:CLIP5:CLIP3","1/1:20:8:7:1:4","1-Jan","20","8",7,1,4,"MEINFO=rnd-1_family-46.Unknown","3216927","3216928","NA;NOT_VALIDATED;SVTYPE=INS","81","rnd-1_family-46","LTR",1,3097601
"600",14,"NC_044234.2",3375666,".","c","<INS:ME>","16",".","MEINFO=rnd-1_family-12#LINE_CR1,3375666,3375667,NA;NOT_VALIDATED;SVTYPE=INS","GT:GQ:FL:SP:CLIP5:CLIP3","1/1:16:8:3:1:3","1-Jan","16","8",3,1,3,"MEINFO=rnd-1_family-12.LINE_CR1","3375666","3375667","NA;NOT_VALIDATED;SVTYPE=INS","83","rnd-1_family-12","LINE",1,3097601
"601",708,"NC_044234.2",3022430,".","a","<INS:ME>","14",".","MEINFO=rnd-1_family-46#Unknown,3022430,3022431,NA;NOT_VALIDATED;SVTYPE=INS","GT:GQ:FL:SP:CLIP5:CLIP3","1/1:14:8:3:2:0","1-Jan","14","8",3,2,0,"MEINFO=rnd-1_family-46.Unknown","3022430","3022431","NA;NOT_VALIDATED;SVTYPE=INS","84","rnd-1_family-46","LTR",1,3097601
"602",1333,"NC_044236.2",1445747,".","g","<INS:ME>","18",".","MEINFO=TEs-rnd-1_family-9#LINE_CR1-hybrid,1445747,1445748,NA;NOT_VALIDATED;SVTYPE=INS","GT:GQ:FL:SP:CLIP5:CLIP3","1/1:18:8:4:1:6","1-Jan","18","8",4,1,6,"MEINFO=TEs-rnd-1_family-9.LINE_CR1-hybrid","1445747","1445748","NA;NOT_VALIDATED;SVTYPE=INS","24","TEs-rnd-1_family-9","LINE",1,5343021
"603",1334,"NC_044236.2",4611521,".","g","<INS:ME>","17",".","MEINFO=TEs-rnd-1_family-60#LTR_ERVK-hybrid,4611521,4611522,NA;NOT_VALIDATED;SVTYPE=INS","GT:GQ:FL:SP:CLIP5:CLIP3","1/1:17:8:3:4:1","1-Jan","17","8",3,4,1,"MEINFO=TEs-rnd-1_family-60.LTR_ERVK-hybrid","4611521","4611522","NA;NOT_VALIDATED;SVTYPE=INS","24","TEs-rnd-1_family-60","LTR",1,5343021
"604",5,"NC_044236.2",950643,".","t","<INS:ME>","15",".","MEINFO=rnd-1_family-60#LTR_ERVK,950643,950644,NA;NOT_VALIDATED;SVTYPE=INS","GT:GQ:FL:SP:CLIP5:CLIP3","1/1:15:8:4:1:0","1-Jan","15","8",4,1,0,"MEINFO=rnd-1_family-60.LTR_ERVK","950643","950644","NA;NOT_VALIDATED;SVTYPE=INS","33","rnd-1_family-60","LTR",1,5343021
"605",892,"NC_044236.2",6428080,".","t","<INS:ME>","19",".","MEINFO=ltr-1_family-40#LTR_ERVK-TEs-hybrid,6428080,6428081,NA;NOT_VALIDATED;SVTYPE=INS","GT:GQ:FL:SP:CLIP5:CLIP3","1/1:19:8:5:2:1","1-Jan","19","8",5,2,1,"MEINFO=ltr-1_family-40.LTR_ERVK-TEs-hybrid","6428080","6428081","NA;NOT_VALIDATED;SVTYPE=INS","33","ltr-1_family-40","LTR",1,5343021
"606",3,"NC_044236.2",4243621,".","T","<INS:ME>","18",".","MEINFO=ltr-1_family-35#LTR_ERV1,4243621,4243622,NA;NOT_VALIDATED;SVTYPE=INS","GT:GQ:FL:SP:CLIP5:CLIP3","1/1:18:8:7:3:4","1-Jan","18","8",7,3,4,"MEINFO=ltr-1_family-35.LTR_ERV1","4243621","4243622","NA;NOT_VALIDATED;SVTYPE=INS","34","ltr-1_family-35","LTR",1,5343021
"607",14,"NC_044236.2",6428066,".","t","<INS:ME>","25",".","MEINFO=rnd-1_family-76#LTR_ERVK,6428066,6428067,NA;NOT_VALIDATED;SVTYPE=INS","GT:GQ:FL:SP:CLIP5:CLIP3","1/1:25:8:1:6:9","1-Jan","25","8",1,6,9,"MEINFO=rnd-1_family-76.LTR_ERVK","6428066","6428067","NA;NOT_VALIDATED;SVTYPE=INS","38","rnd-1_family-76","LTR",1,5343021
"608",27,"NC_044236.2",2357861,".","c","<INS:ME>","37",".","MEINFO=TEs-rnd-5_family-12866#Unknown-hybrid,2357861,2357862,NA;NOT_VALIDATED;SVTYPE=INS","GT:GQ:FL:SP:CLIP5:CLIP3","1/1:37:8:19:3:15","1-Jan","37","8",19,3,15,"MEINFO=TEs-rnd-5_family-12866.Unknown-hybrid","2357861","2357862","NA;NOT_VALIDATED;SVTYPE=INS","40","TEs-rnd-5_family-12866","LTR",1,5343021
"609",1172,"NC_044236.2",4243614,".","G","<INS:ME>","29",".","MEINFO=ltr-1_family-35#LTR_ERV1-rnd-4_family-2332#LTR_ERVK-hybrid,4243614,4243615,NA;NOT_VALIDATED;SVTYPE=INS","GT:GQ:FL:SP:CLIP5:CLIP3","1/1:29:8:9:5:6","1-Jan","29","8",9,5,6,"MEINFO=ltr-1_family-35.LTR_ERV1-rnd-4_family-2332.LTR_ERVK-hybrid","4243614","4243615","NA;NOT_VALIDATED;SVTYPE=INS","44","ltr-1_family-35","LTR",1,5343021
"610",1187,"NC_044236.2",6428107,".","c","<INS:ME>","27",".","MEINFO=rnd-1_family-76#LTR_ERVK,6428107,6428108,NA;NOT_VALIDATED;SVTYPE=INS","GT:GQ:FL:SP:CLIP5:CLIP3","1/1:27:8:6:0:0","1-Jan","27","8",6,0,0,"MEINFO=rnd-1_family-76.LTR_ERVK","6428107","6428108","NA;NOT_VALIDATED;SVTYPE=INS","44","rnd-1_family-76","LTR",1,5343021
"611",269,"NC_044236.2",6428079,".","g","<INS:ME>","19",".","MEINFO=ltr-1_family-40#LTR_ERVK-TEs-hybrid,6428079,6428080,NA;NOT_VALIDATED;SVTYPE=INS","GT:GQ:FL:SP:CLIP5:CLIP3","1/1:19:8:1:4:0","1-Jan","19","8",1,4,0,"MEINFO=ltr-1_family-40.LTR_ERVK-TEs-hybrid","6428079","6428080","NA;NOT_VALIDATED;SVTYPE=INS","45","ltr-1_family-40","LTR",1,5343021
"612",2,"NC_044236.2",6427993,".","g","<INS:ME>","25",".","MEINFO=rnd-1_family-76#LTR_ERVK-TEs-hybrid,6427993,6427994,NA;NOT_VALIDATED;SVTYPE=INS","GT:GQ:FL:SP:CLIP5:CLIP3","1/1:25:8:8:10:1","1-Jan","25","8",8,10,1,"MEINFO=rnd-1_family-76.LTR_ERVK-TEs-hybrid","6427993","6427994","NA;NOT_VALIDATED;SVTYPE=INS","48","rnd-1_family-76","LTR",1,5343021
"613",2217,"NC_044236.2",5258150,".","t","<INS:ME>","25",".","MEINFO=TEs-rnd-5_family-12866#Unknown-hybrid,5258150,5258151,NA;NOT_VALIDATED;SVTYPE=INS","GT:GQ:FL:SP:CLIP5:CLIP3","1/1:25:8:14:7:7","1-Jan","25","8",14,7,7,"MEINFO=TEs-rnd-5_family-12866.Unknown-hybrid","5258150","5258151","NA;NOT_VALIDATED;SVTYPE=INS","54","TEs-rnd-5_family-12866","LTR",1,5343021
"614",1,"NC_044236.2",4778050,".","a","<INS:ME>","15",".","MEINFO=rnd-5_family-3324#LINE_CR1,4778050,4778051,NA;NOT_VALIDATED;SVTYPE=INS","GT:GQ:FL:SP:CLIP5:CLIP3","1/1:15:8:14:0:2","1-Jan","15","8",14,0,2,"MEINFO=rnd-5_family-3324.LINE_CR1","4778050","4778051","NA;NOT_VALIDATED;SVTYPE=INS","56","rnd-5_family-3324","LINE",1,5343021
"615",14,"NC_044236.2",4243626,".","g","<INS:ME>","45",".","MEINFO=ltr-1_family-35#LTR_ERV1-TEs-hybrid,4243626,4243627,NA;NOT_VALIDATED;SVTYPE=INS","GT:GQ:FL:SP:CLIP5:CLIP3","1/1:45:8:20:14:8","1-Jan","45","8",20,14,8,"MEINFO=ltr-1_family-35.LTR_ERV1-TEs-hybrid","4243626","4243627","NA;NOT_VALIDATED;SVTYPE=INS","57","ltr-1_family-35","LTR",1,5343021
"616",33,"NC_044236.2",1380038,".","c","<INS:ME>","20",".","MEINFO=rnd-1_family-81#LTR_ERVL,1380038,1380039,NA;NOT_VALIDATED;SVTYPE=INS","GT:GQ:FL:SP:CLIP5:CLIP3","1/1:20:8:4:1:4","1-Jan","20","8",4,1,4,"MEINFO=rnd-1_family-81.LTR_ERVL","1380038","1380039","NA;NOT_VALIDATED;SVTYPE=INS","58","rnd-1_family-81","LTR",1,5343021
"617",34,"NC_044236.2",5837890,".","t","<INS:ME>","34",".","MEINFO=ltr-1_family-87#LTR_Unknown,5837890,5837891,NA;NOT_VALIDATED;SVTYPE=INS","GT:GQ:FL:SP:CLIP5:CLIP3","1/1:34:8:19:7:11","1-Jan","34","8",19,7,11,"MEINFO=ltr-1_family-87.LTR_Unknown","5837890","5837891","NA;NOT_VALIDATED;SVTYPE=INS","58","ltr-1_family-87","Unknown",1,5343021
"618",1010,"NC_044236.2",2635371,".","T","<INS:ME>","39",".","MEINFO=TEs-rnd-5_family-4653#LINE_CR1-hybrid,2635371,2635372,NA;NOT_VALIDATED;SVTYPE=INS","GT:GQ:FL:SP:CLIP5:CLIP3","1/1:39:8:14:9:18","1-Jan","39","8",14,9,18,"MEINFO=TEs-rnd-5_family-4653.LINE_CR1-hybrid","2635371","2635372","NA;NOT_VALIDATED;SVTYPE=INS","59","TEs-rnd-5_family-4653","LINE",1,5343021
"619",19,"NC_044236.2",4015335,".","a","<INS:ME>","22",".","MEINFO=ltr-1_family-35#LTR_ERV1,4015335,4015336,NA;NOT_VALIDATED;SVTYPE=INS","GT:GQ:FL:SP:CLIP5:CLIP3","1/1:22:8:37:9:0","1-Jan","22","8",37,9,0,"MEINFO=ltr-1_family-35.LTR_ERV1","4015335","4015336","NA;NOT_VALIDATED;SVTYPE=INS","62","ltr-1_family-35","LTR",1,5343021
"620",377,"NC_044236.2",5920951,".","t","<INS:ME>","29",".","MEINFO=rnd-5_family-9360#LINE_CR1,5920951,5920952,NA;NOT_VALIDATED;SVTYPE=INS","GT:GQ:FL:SP:CLIP5:CLIP3","1/1:29:8:1:11:8","1-Jan","29","8",1,11,8,"MEINFO=rnd-5_family-9360.LINE_CR1","5920951","5920952","NA;NOT_VALIDATED;SVTYPE=INS","64","rnd-5_family-9360","LINE",1,5343021
"621",305,"NC_044236.2",2449293,".","g","<INS:ME>","17",".","MEINFO=rnd-1_family-69#LTR_ERVK-TEs-hybrid,2449293,2449294,NA;NOT_VALIDATED;SVTYPE=INS","GT:GQ:FL:SP:CLIP5:CLIP3","1/1:17:8:4:2:3","1-Jan","17","8",4,2,3,"MEINFO=rnd-1_family-69.LTR_ERVK-TEs-hybrid","2449293","2449294","NA;NOT_VALIDATED;SVTYPE=INS","65","rnd-1_family-69","LTR",1,5343021
"622",2,"NC_044236.2",5837874,".","A","<INS:ME>","42",".","MEINFO=ltr-1_family-76#LTR_ERV-rnd-5_family-10776#LTR_ERVK-hybrid,5837874,5837875,NA;NOT_VALIDATED;SVTYPE=INS","GT:GQ:FL:SP:CLIP5:CLIP3","1/1:42:8:5:20:12","1-Jan","42","8",5,20,12,"MEINFO=ltr-1_family-76.LTR_ERV-rnd-5_family-10776.LTR_ERVK-hybrid","5837874","5837875","NA;NOT_VALIDATED;SVTYPE=INS","66","ltr-1_family-76","LTR",1,5343021
"623",9,"NC_044236.2",3628227,".","t","<INS:ME>","39",".","MEINFO=TEs-ltr-1_family-35#LTR_ERV1-hybrid,3628227,3628228,NA;NOT_VALIDATED;SVTYPE=INS","GT:GQ:FL:SP:CLIP5:CLIP3","1/1:39:8:8:10:16","1-Jan","39","8",8,10,16,"MEINFO=TEs-ltr-1_family-35.LTR_ERV1-hybrid","3628227","3628228","NA;NOT_VALIDATED;SVTYPE=INS","66","TEs-ltr-1_family-35","LTR",1,5343021
"624",20,"NC_044236.2",5977731,".","c","<INS:ME>","32",".","MEINFO=TEs-ltr-1_family-82#LTR_ERVK-hybrid,5977731,5977732,NA;NOT_VALIDATED;SVTYPE=INS","GT:GQ:FL:SP:CLIP5:CLIP3","1/1:32:8:7:7:1","1-Jan","32","8",7,7,1,"MEINFO=TEs-ltr-1_family-82.LTR_ERVK-hybrid","5977731","5977732","NA;NOT_VALIDATED;SVTYPE=INS","76","TEs-ltr-1_family-82","LTR",1,5343021
"625",694,"NC_044236.2",6367638,".","A","<INS:ME>","61",".","MEINFO=rnd-5_family-10166#LTR_ERVK,6367638,6367639,NA;NOT_VALIDATED;SVTYPE=INS","GT:GQ:FL:SP:CLIP5:CLIP3","1/1:61:8:1:31:20","1-Jan","61","8",1,31,20,"MEINFO=rnd-5_family-10166.LTR_ERVK","6367638","6367639","NA;NOT_VALIDATED;SVTYPE=INS","84","rnd-5_family-10166","LTR",1,5343021
"626",697,"NC_044236.2",6428105,".","t","<INS:ME>","22",".","MEINFO=ltr-1_family-40#LTR_ERVK-TEs-hybrid,6428105,6428106,NA;NOT_VALIDATED;SVTYPE=INS","GT:GQ:FL:SP:CLIP5:CLIP3","1/1:22:8:0:0:0","1-Jan","22","8",0,0,0,"MEINFO=ltr-1_family-40.LTR_ERVK-TEs-hybrid","6428105","6428106","NA;NOT_VALIDATED;SVTYPE=INS","84","ltr-1_family-40","LTR",1,5343021
"627",16,"NC_044236.2",2449354,".","g","<INS:ME>","24",".","MEINFO=rnd-1_family-69#LTR_ERVK,2449354,2449355,NA;NOT_VALIDATED;SVTYPE=INS","GT:GQ:FL:SP:CLIP5:CLIP3","1/1:24:8:7:7:4","1-Jan","24","8",7,7,4,"MEINFO=rnd-1_family-69.LTR_ERVK","2449354","2449355","NA;NOT_VALIDATED;SVTYPE=INS","85","rnd-1_family-69","LTR",1,5343021
"628",8,"NC_044237.2",1201480,".","t","<INS:ME>","21",".","MEINFO=rnd-1_family-46#Unknown,1201480,1201481,NA;NOT_VALIDATED;SVTYPE=INS","GT:GQ:FL:SP:CLIP5:CLIP3","1/1:21:8:17:4:3","1-Jan","21","8",17,4,3,"MEINFO=rnd-1_family-46.Unknown","1201480","1201481","NA;NOT_VALIDATED;SVTYPE=INS","24","rnd-1_family-46","LTR",1,1794302
"629",21,"NC_044237.2",1288402,".","c","<INS:ME>","25",".","MEINFO=rnd-1_family-46#Unknown,1288402,1288403,NA;NOT_VALIDATED;SVTYPE=INS","GT:GQ:FL:SP:CLIP5:CLIP3","1/1:25:8:1:4:2","1-Jan","25","8",1,4,2,"MEINFO=rnd-1_family-46.Unknown","1288402","1288403","NA;NOT_VALIDATED;SVTYPE=INS","28","rnd-1_family-46","LTR",1,1794302
"630",22,"NC_044237.2",1288348,".","T","<INS:ME>","18",".","MEINFO=rnd-1_family-46#Unknown,1288348,1288349,NA;NOT_VALIDATED;SVTYPE=INS","GT:GQ:FL:SP:CLIP5:CLIP3","1/1:18:8:5:0:1","1-Jan","18","8",5,0,1,"MEINFO=rnd-1_family-46.Unknown","1288348","1288349","NA;NOT_VALIDATED;SVTYPE=INS","38","rnd-1_family-46","LTR",1,1794302
"631",4,"NC_044237.2",109872,".","G","<INS:ME>","35",".","MEINFO=rnd-4_family-1149#Unknown,109872,109873,NA;NOT_VALIDATED;SVTYPE=INS","GT:GQ:FL:SP:CLIP5:CLIP3","1/1:35:8:10:10:10","1-Jan","35","8",10,10,10,"MEINFO=rnd-4_family-1149.Unknown","109872","109873","NA;NOT_VALIDATED;SVTYPE=INS","44","rnd-4_family-1149","Unknown",1,1794302
"632",2,"NC_044237.2",779287,".","g","<INS:ME>","27",".","MEINFO=rnd-1_family-60#LTR_ERVK,779287,779288,NA;NOT_VALIDATED;SVTYPE=INS","GT:GQ:FL:SP:CLIP5:CLIP3","1/1:27:8:4:5:4","1-Jan","27","8",4,5,4,"MEINFO=rnd-1_family-60.LTR_ERVK","779287","779288","NA;NOT_VALIDATED;SVTYPE=INS","55","rnd-1_family-60","LTR",1,1794302
"633",1030,"NC_044237.2",1169514,".","T","<INS:ME>","17",".","MEINFO=rnd-4_family-2321#LTR_ERVK,1169514,1169515,NA;NOT_VALIDATED;SVTYPE=INS","GT:GQ:FL:SP:CLIP5:CLIP3","1/1:17:8:7:3:0","1-Jan","17","8",7,3,0,"MEINFO=rnd-4_family-2321.LTR_ERVK","1169514","1169515","NA;NOT_VALIDATED;SVTYPE=INS","59","rnd-4_family-2321","LTR",1,1794302
"634",341,"NC_044237.2",1169444,".","g","<INS:ME>","17",".","MEINFO=rnd-4_family-2321#LTR_ERVK,1169444,1169445,NA;NOT_VALIDATED;SVTYPE=INS","GT:GQ:FL:SP:CLIP5:CLIP3","1/1:17:8:10:2:1","1-Jan","17","8",10,2,1,"MEINFO=rnd-4_family-2321.LTR_ERVK","1169444","1169445","NA;NOT_VALIDATED;SVTYPE=INS","67","rnd-4_family-2321","LTR",1,1794302
"635",1535,"NC_044237.2",1201514,".","A","<INS:ME>","25",".","MEINFO=rnd-1_family-46#Unknown,1201514,1201515,NA;NOT_VALIDATED;SVTYPE=INS","GT:GQ:FL:SP:CLIP5:CLIP3","1/1:25:8:22:3:8","1-Jan","25","8",22,3,8,"MEINFO=rnd-1_family-46.Unknown","1201514","1201515","NA;NOT_VALIDATED;SVTYPE=INS","73","rnd-1_family-46","LTR",1,1794302
"636",1528,"NC_044237.2",1037473,".","t","<INS:ME>","35",".","MEINFO=rnd-1_family-60#LTR_ERVK,1037473,1037474,NA;NOT_VALIDATED;SVTYPE=INS","GT:GQ:FL:SP:CLIP5:CLIP3","1/1:35:8:2:7:8","1-Jan","35","8",2,7,8,"MEINFO=rnd-1_family-60.LTR_ERVK","1037473","1037474","NA;NOT_VALIDATED;SVTYPE=INS","76","rnd-1_family-60","LTR",1,1794302
"637",1549,"NC_044237.2",109870,".","C","<INS:ME>","31",".","MEINFO=rnd-4_family-1149#Unknown,109870,109871,NA;NOT_VALIDATED;SVTYPE=INS","GT:GQ:FL:SP:CLIP5:CLIP3","1/1:31:8:4:7:8","1-Jan","31","8",4,7,8,"MEINFO=rnd-4_family-1149.Unknown","109870","109871","NA;NOT_VALIDATED;SVTYPE=INS","76","rnd-4_family-1149","Unknown",1,1794302
"638",1551,"NC_044237.2",1278150,".","a","<INS:ME>","39",".","MEINFO=rnd-1_family-76#LTR_ERVK,1278150,1278151,NA;NOT_VALIDATED;SVTYPE=INS","GT:GQ:FL:SP:CLIP5:CLIP3","1/1:39:8:4:6:12","1-Jan","39","8",4,6,12,"MEINFO=rnd-1_family-76.LTR_ERVK","1278150","1278151","NA;NOT_VALIDATED;SVTYPE=INS","76","rnd-1_family-76","LTR",1,1794302
"639",1187,"NC_044237.2",1211676,".","c","<INS:ME>","26",".","MEINFO=TEs-ltr-1_family-40#LTR_ERVK-hybrid,1211676,1211677,NA;NOT_VALIDATED;SVTYPE=INS","GT:GQ:FL:SP:CLIP5:CLIP3","1/1:26:8:4:2:4","1-Jan","26","8",4,2,4,"MEINFO=TEs-ltr-1_family-40.LTR_ERVK-hybrid","1211676","1211677","NA;NOT_VALIDATED;SVTYPE=INS","78","TEs-ltr-1_family-40","LTR",1,1794302
"640",9,"NC_044238.2",3331405,".","t","<INS:ME>","19",".","MEINFO=rnd-1_family-29#Unknown,3331405,3331406,NA;NOT_VALIDATED;SVTYPE=INS","GT:GQ:FL:SP:CLIP5:CLIP3","1/1:19:8:16:2:2","1-Jan","19","8",16,2,2,"MEINFO=rnd-1_family-29.Unknown","3331405","3331406","NA;NOT_VALIDATED;SVTYPE=INS","18","rnd-1_family-29","LTR",1,4915899
"641",9,"NC_044238.2",3297940,".","a","<INS:ME>","33",".","MEINFO=rnd-1_family-46#Unknown,3297940,3297941,NA;NOT_VALIDATED;SVTYPE=INS","GT:GQ:FL:SP:CLIP5:CLIP3","1/1:33:8:10:11:3","1-Jan","33","8",10,11,3,"MEINFO=rnd-1_family-46.Unknown","3297940","3297941","NA;NOT_VALIDATED;SVTYPE=INS","24","rnd-1_family-46","LTR",1,4915899
"642",554,"NC_044238.2",2679543,".","g","<INS:ME>","37",".","MEINFO=rnd-1_family-29#Unknown,2679543,2679544,NA;NOT_VALIDATED;SVTYPE=INS","GT:GQ:FL:SP:CLIP5:CLIP3","1/1:37:8:18:11:7","1-Jan","37","8",18,11,7,"MEINFO=rnd-1_family-29.Unknown","2679543","2679544","NA;NOT_VALIDATED;SVTYPE=INS","28","rnd-1_family-29","LTR",1,4915899
"643",3,"NC_044238.2",1962679,".","g","<INS:ME>","26",".","MEINFO=rnd-1_family-0#LINE_CR1-TEs-hybrid,1962679,1962680,NA;NOT_VALIDATED;SVTYPE=INS","GT:GQ:FL:SP:CLIP5:CLIP3","1/1:26:8:6:8:5","1-Jan","26","8",6,8,5,"MEINFO=rnd-1_family-0.LINE_CR1-TEs-hybrid","1962679","1962680","NA;NOT_VALIDATED;SVTYPE=INS","32","rnd-1_family-0","LINE",1,4915899
"644",4,"NC_044238.2",2870180,".","t","<INS:ME>","13",".","MEINFO=TEs-rnd-1_family-60#LTR_ERVK-hybrid,2870180,2870181,NA;NOT_VALIDATED;SVTYPE=INS","GT:GQ:FL:SP:CLIP5:CLIP3","1/1:13:8:6:1:2","1-Jan","13","8",6,1,2,"MEINFO=TEs-rnd-1_family-60.LTR_ERVK-hybrid","2870180","2870181","NA;NOT_VALIDATED;SVTYPE=INS","32","TEs-rnd-1_family-60","LTR",1,4915899
"645",6,"NC_044238.2",5319127,".","g","<INS:ME>","22",".","MEINFO=rnd-1_family-60#LTR_ERVK,5319127,5319128,NA;NOT_VALIDATED;SVTYPE=INS","GT:GQ:FL:SP:CLIP5:CLIP3","1/1:22:8:14:0:3","1-Jan","22","8",14,0,3,"MEINFO=rnd-1_family-60.LTR_ERVK","5319127","5319128","NA;NOT_VALIDATED;SVTYPE=INS","33","rnd-1_family-60","LTR",1,4915899
"646",43,"NC_044238.2",1962700,".","c","<INS:ME>","41",".","MEINFO=rnd-1_family-0#LINE_CR1,1962700,1962701,NA;NOT_VALIDATED;SVTYPE=INS","GT:GQ:FL:SP:CLIP5:CLIP3","1/1:41:8:1:18:9","1-Jan","41","8",1,18,9,"MEINFO=rnd-1_family-0.LINE_CR1","1962700","1962701","NA;NOT_VALIDATED;SVTYPE=INS","38","rnd-1_family-0","LINE",1,4915899
"647",32,"NC_044238.2",2818305,".","a","<INS:ME>","24",".","MEINFO=TEs-rnd-1_family-29#Unknown-hybrid,2818305,2818306,NA;NOT_VALIDATED;SVTYPE=INS","GT:GQ:FL:SP:CLIP5:CLIP3","1/1:24:8:10:6:8","1-Jan","24","8",10,6,8,"MEINFO=TEs-rnd-1_family-29.Unknown-hybrid","2818305","2818306","NA;NOT_VALIDATED;SVTYPE=INS","39","TEs-rnd-1_family-29","LTR",1,4915899
"648",1,"NC_044238.2",30270,".","t","<INS:ME>","83",".","MEINFO=rnd-5_family-793#Unknown,30270,30271,NA;NOT_VALIDATED;SVTYPE=INS","GT:GQ:FL:SP:CLIP5:CLIP3","1/1:83:8:29:41:23","1-Jan","83","8",29,41,23,"MEINFO=rnd-5_family-793.Unknown","30270","30271","NA;NOT_VALIDATED;SVTYPE=INS","43","rnd-5_family-793","Unknown",1,4915899
"649",1178,"NC_044238.2",3624648,".","t","<INS:ME>","28",".","MEINFO=rnd-4_family-1092#Unknown-rnd-1_family-86#Unknown-hybrid,3624648,3624649,NA;NOT_VALIDATED;SVTYPE=INS","GT:GQ:FL:SP:CLIP5:CLIP3","1/1:28:8:3:4:0","1-Jan","28","8",3,4,0,"MEINFO=rnd-4_family-1092.Unknown-rnd-1_family-86.Unknown-hybrid","3624648","3624649","NA;NOT_VALIDATED;SVTYPE=INS","44","rnd-4_family-1092","LTR",1,4915899
"650",341,"NC_044238.2",30253,".","a","<INS:ME>","64",".","MEINFO=rnd-5_family-793#Unknown,30253,30254,NA;NOT_VALIDATED;SVTYPE=INS","GT:GQ:FL:SP:CLIP5:CLIP3","1/1:64:8:23:27:15","1-Jan","64","8",23,27,15,"MEINFO=rnd-5_family-793.Unknown","30253","30254","NA;NOT_VALIDATED;SVTYPE=INS","48","rnd-5_family-793","Unknown",1,4915899
"651",2181,"NC_044238.2",2679433,".","c","<INS:ME>","28",".","MEINFO=rnd-1_family-29#Unknown,2679433,2679434,NA;NOT_VALIDATED;SVTYPE=INS","GT:GQ:FL:SP:CLIP5:CLIP3","1/1:28:8:2:3:7","1-Jan","28","8",2,3,7,"MEINFO=rnd-1_family-29.Unknown","2679433","2679434","NA;NOT_VALIDATED;SVTYPE=INS","54","rnd-1_family-29","LTR",1,4915899
"652",2239,"NC_044238.2",2146924,".","g","<INS:ME>","32",".","MEINFO=rnd-1_family-46#Unknown,2146924,2146925,NA;NOT_VALIDATED;SVTYPE=INS","GT:GQ:FL:SP:CLIP5:CLIP3","1/1:32:8:4:13:3","1-Jan","32","8",4,13,3,"MEINFO=rnd-1_family-46.Unknown","2146924","2146925","NA;NOT_VALIDATED;SVTYPE=INS","54","rnd-1_family-46","LTR",1,4915899
"653",52,"NC_044238.2",2679522,".","G","<INS:ME>","16",".","MEINFO=rnd-1_family-29#Unknown,2679522,2679523,NA;NOT_VALIDATED;SVTYPE=INS","GT:GQ:FL:SP:CLIP5:CLIP3","1/1:16:8:0:0:2","1-Jan","16","8",0,0,2,"MEINFO=rnd-1_family-29.Unknown","2679522","2679523","NA;NOT_VALIDATED;SVTYPE=INS","57","rnd-1_family-29","LTR",1,4915899
"654",53,"NC_044238.2",30201,".","G","<INS:ME>","59",".","MEINFO=rnd-5_family-793#Unknown,30201,30202,NA;NOT_VALIDATED;SVTYPE=INS","GT:GQ:FL:SP:CLIP5:CLIP3","1/1:59:8:12:26:20","1-Jan","59","8",12,26,20,"MEINFO=rnd-5_family-793.Unknown","30201","30202","NA;NOT_VALIDATED;SVTYPE=INS","57","rnd-5_family-793","Unknown",1,4915899
"655",8,"NC_044238.2",30304,".","c","<INS:ME>","46",".","MEINFO=rnd-5_family-793#Unknown,30304,30305,NA;NOT_VALIDATED;SVTYPE=INS","GT:GQ:FL:SP:CLIP5:CLIP3","1/1:46:8:20:25:9","1-Jan","46","8",20,25,9,"MEINFO=rnd-5_family-793.Unknown","30304","30305","NA;NOT_VALIDATED;SVTYPE=INS","58","rnd-5_family-793","Unknown",1,4915899
"656",11,"NC_044238.2",3297866,".","t","<INS:ME>","43",".","MEINFO=rnd-1_family-46#Unknown,3297866,3297867,NA;NOT_VALIDATED;SVTYPE=INS","GT:GQ:FL:SP:CLIP5:CLIP3","1/1:43:8:15:17:10","1-Jan","43","8",15,17,10,"MEINFO=rnd-1_family-46.Unknown","3297866","3297867","NA;NOT_VALIDATED;SVTYPE=INS","63","rnd-1_family-46","LTR",1,4915899
"657",18,"NC_044238.2",2286540,".","a","<INS:ME>","59",".","MEINFO=rnd-1_family-46#Unknown,2286540,2286541,NA;NOT_VALIDATED;SVTYPE=INS","GT:GQ:FL:SP:CLIP5:CLIP3","1/1:59:8:11:28:20","1-Jan","59","8",11,28,20,"MEINFO=rnd-1_family-46.Unknown","2286540","2286541","NA;NOT_VALIDATED;SVTYPE=INS","66","rnd-1_family-46","LTR",1,4915899
"658",19,"NC_044238.2",3356965,".","c","<INS:ME>","25",".","MEINFO=rnd-1_family-46#Unknown,3356965,3356966,NA;NOT_VALIDATED;SVTYPE=INS","GT:GQ:FL:SP:CLIP5:CLIP3","1/1:25:8:3:4:8","1-Jan","25","8",3,4,8,"MEINFO=rnd-1_family-46.Unknown","3356965","3356966","NA;NOT_VALIDATED;SVTYPE=INS","66","rnd-1_family-46","LTR",1,4915899
"659",1522,"NC_044238.2",2146942,".","t","<INS:ME>","50",".","MEINFO=rnd-1_family-105#Unknown,2146942,2146943,NA;NOT_VALIDATED;SVTYPE=INS","GT:GQ:FL:SP:CLIP5:CLIP3","1/1:50:8:7:17:9","1-Jan","50","8",7,17,9,"MEINFO=rnd-1_family-105.Unknown","2146942","2146943","NA;NOT_VALIDATED;SVTYPE=INS","73","rnd-1_family-105","LTR",1,4915899
"660",9,"NC_044238.2",872369,".","a","<INS:ME>","31",".","MEINFO=rnd-4_family-359#Unknown,872369,872370,NA;NOT_VALIDATED;SVTYPE=INS","GT:GQ:FL:SP:CLIP5:CLIP3","1/1:31:8:0:10:6","1-Jan","31","8",0,10,6,"MEINFO=rnd-4_family-359.Unknown","872369","872370","NA;NOT_VALIDATED;SVTYPE=INS","74","rnd-4_family-359","LTR",1,4915899
"661",1529,"NC_044238.2",5319206,".","c","<INS:ME>","23",".","MEINFO=rnd-1_family-60#LTR_ERVK,5319206,5319207,NA;NOT_VALIDATED;SVTYPE=INS","GT:GQ:FL:SP:CLIP5:CLIP3","1/1:23:8:3:2:3","1-Jan","23","8",3,2,3,"MEINFO=rnd-1_family-60.LTR_ERVK","5319206","5319207","NA;NOT_VALIDATED;SVTYPE=INS","76","rnd-1_family-60","LTR",1,4915899
"662",1539,"NC_044238.2",3922196,".","a","<INS:ME>","21",".","MEINFO=rnd-1_family-46#Unknown,3922196,3922197,NA;NOT_VALIDATED;SVTYPE=INS","GT:GQ:FL:SP:CLIP5:CLIP3","1/1:21:8:14:2:4","1-Jan","21","8",14,2,4,"MEINFO=rnd-1_family-46.Unknown","3922196","3922197","NA;NOT_VALIDATED;SVTYPE=INS","76","rnd-1_family-46","LTR",1,4915899
"663",1560,"NC_044238.2",2679492,".","a","<INS:ME>","29",".","MEINFO=rnd-1_family-29#Unknown,2679492,2679493,NA;NOT_VALIDATED;SVTYPE=INS","GT:GQ:FL:SP:CLIP5:CLIP3","1/1:29:8:8:6:5","1-Jan","29","8",8,6,5,"MEINFO=rnd-1_family-29.Unknown","2679492","2679493","NA;NOT_VALIDATED;SVTYPE=INS","76","rnd-1_family-29","LTR",1,4915899
"664",12,"NC_044238.2",61580,".","C","<INS:ME>","126",".","MEINFO=TEs-rnd-5_family-793#Unknown-hybrid,61580,61581,NA;NOT_VALIDATED;SVTYPE=INS","GT:GQ:FL:SP:CLIP5:CLIP3","1/1:126:8:17:45:63","1-Jan","126","8",17,45,63,"MEINFO=TEs-rnd-5_family-793.Unknown-hybrid","61580","61581","NA;NOT_VALIDATED;SVTYPE=INS","77","TEs-rnd-5_family-793","Unknown",1,4915899
"665",17,"NC_044238.2",2818353,".","g","<INS:ME>","19",".","MEINFO=rnd-1_family-29#Unknown,2818353,2818354,NA;NOT_VALIDATED;SVTYPE=INS","GT:GQ:FL:SP:CLIP5:CLIP3","1/1:19:8:2:1:1","1-Jan","19","8",2,1,1,"MEINFO=rnd-1_family-29.Unknown","2818353","2818354","NA;NOT_VALIDATED;SVTYPE=INS","77","rnd-1_family-29","LTR",1,4915899
"666",1202,"NC_044238.2",30170,".","a","<INS:ME>","42",".","MEINFO=rnd-5_family-793#Unknown,30170,30171,NA;NOT_VALIDATED;SVTYPE=INS","GT:GQ:FL:SP:CLIP5:CLIP3","1/1:42:8:12:15:14","1-Jan","42","8",12,15,14,"MEINFO=rnd-5_family-793.Unknown","30170","30171","NA;NOT_VALIDATED;SVTYPE=INS","78","rnd-5_family-793","Unknown",1,4915899
"667",637,"NC_044238.2",3365028,".","t","<INS:ME>","14",".","MEINFO=rnd-1_family-46#Unknown,3365028,3365029,NA;NOT_VALIDATED;SVTYPE=INS","GT:GQ:FL:SP:CLIP5:CLIP3","1/1:14:8:2:1:3","1-Jan","14","8",2,1,3,"MEINFO=rnd-1_family-46.Unknown","3365028","3365029","NA;NOT_VALIDATED;SVTYPE=INS","81","rnd-1_family-46","LTR",1,4915899
"668",12,"NC_044238.2",3922208,".","t","<INS:ME>","15",".","MEINFO=TEs-rnd-1_family-46#Unknown-hybrid,3922208,3922209,NA;NOT_VALIDATED;SVTYPE=INS","GT:GQ:FL:SP:CLIP5:CLIP3","1/1:15:8:8:2:1","1-Jan","15","8",8,2,1,"MEINFO=TEs-rnd-1_family-46.Unknown-hybrid","3922208","3922209","NA;NOT_VALIDATED;SVTYPE=INS","83","TEs-rnd-1_family-46","LTR",1,4915899
"669",706,"NC_044238.2",30278,".","a","<INS:ME>","68",".","MEINFO=rnd-5_family-793#Unknown,30278,30279,NA;NOT_VALIDATED;SVTYPE=INS","GT:GQ:FL:SP:CLIP5:CLIP3","1/1:68:8:30:37:9","1-Jan","68","8",30,37,9,"MEINFO=rnd-5_family-793.Unknown","30278","30279","NA;NOT_VALIDATED;SVTYPE=INS","84","rnd-5_family-793","Unknown",1,4915899
"670",709,"NC_044238.2",3356893,".","a","<INS:ME>","38",".","MEINFO=rnd-1_family-46#Unknown,3356893,3356894,NA;NOT_VALIDATED;SVTYPE=INS","GT:GQ:FL:SP:CLIP5:CLIP3","1/1:38:8:14:4:16","1-Jan","38","8",14,4,16,"MEINFO=rnd-1_family-46.Unknown","3356893","3356894","NA;NOT_VALIDATED;SVTYPE=INS","84","rnd-1_family-46","LTR",1,4915899
"671",710,"NC_044238.2",5423067,".","a","<INS:ME>","45",".","MEINFO=rnd-1_family-46#Unknown,5423067,5423068,NA;NOT_VALIDATED;SVTYPE=INS","GT:GQ:FL:SP:CLIP5:CLIP3","1/1:45:8:14:22:8","1-Jan","45","8",14,22,8,"MEINFO=rnd-1_family-46.Unknown","5423067","5423068","NA;NOT_VALIDATED;SVTYPE=INS","84","rnd-1_family-46","LTR",1,4915899
"672",1,"NC_044238.2",1962732,".","g","<INS:ME>","28",".","MEINFO=rnd-1_family-0#LINE_CR1,1962732,1962733,NA;NOT_VALIDATED;SVTYPE=INS","GT:GQ:FL:SP:CLIP5:CLIP3","1/1:28:8:0:13:3","1-Jan","28","8",0,13,3,"MEINFO=rnd-1_family-0.LINE_CR1","1962732","1962733","NA;NOT_VALIDATED;SVTYPE=INS","85","rnd-1_family-0","LINE",1,4915899
"673",9,"NC_044239.2",3147572,".","G","<INS:ME>","38",".","MEINFO=ltr-1_family-40#LTR_ERVK,3147572,3147573,NA;NOT_VALIDATED;SVTYPE=INS","GT:GQ:FL:SP:CLIP5:CLIP3","1/1:38:8:1:12:10","1-Jan","38","8",1,12,10,"MEINFO=ltr-1_family-40.LTR_ERVK","3147572","3147573","NA;NOT_VALIDATED;SVTYPE=INS","25","ltr-1_family-40","LTR",1,3539720
"674",366,"NC_044239.2",931700,".","c","<INS:ME>","54",".","MEINFO=rnd-5_family-1992#Unknown,931700,931701,NA;NOT_VALIDATED;SVTYPE=INS","GT:GQ:FL:SP:CLIP5:CLIP3","1/1:54:8:2:13:23","1-Jan","54","8",2,13,23,"MEINFO=rnd-5_family-1992.Unknown","931700","931701","NA;NOT_VALIDATED;SVTYPE=INS","25","rnd-5_family-1992","Unknown",1,3539720
"675",1556,"NC_044239.2",4249536,".","a","<INS:ME>","23",".","MEINFO=rnd-5_family-22825#Unknown,4249536,4249537,NA;NOT_VALIDATED;SVTYPE=INS","GT:GQ:FL:SP:CLIP5:CLIP3","1/1:23:8:11:4:0","1-Jan","23","8",11,4,0,"MEINFO=rnd-5_family-22825.Unknown","4249536","4249537","NA;NOT_VALIDATED;SVTYPE=INS","29","rnd-5_family-22825","Unknown",1,3539720
"676",2,"NC_044239.2",3730857,".","A","<INS:ME>","45",".","MEINFO=ltr-1_family-42#LTR_ERV1,3730857,3730858,NA;NOT_VALIDATED;SVTYPE=INS","GT:GQ:FL:SP:CLIP5:CLIP3","1/1:45:8:6:20:12","1-Jan","45","8",6,20,12,"MEINFO=ltr-1_family-42.LTR_ERV1","3730857","3730858","NA;NOT_VALIDATED;SVTYPE=INS","31","ltr-1_family-42","LTR",1,3539720
"677",251,"NC_044239.2",4410576,".","C","<INS:ME>","16",".","MEINFO=rnd-5_family-22825#Unknown-TEs-hybrid,4410576,4410577,NA;NOT_VALIDATED;SVTYPE=INS","GT:GQ:FL:SP:CLIP5:CLIP3","1/1:16:8:13:3:3","1-Jan","16","8",13,3,3,"MEINFO=rnd-5_family-22825.Unknown-TEs-hybrid","4410576","4410577","NA;NOT_VALIDATED;SVTYPE=INS","47","rnd-5_family-22825","Unknown",1,3539720
"678",2186,"NC_044239.2",3712479,".","t","<INS:ME>","24",".","MEINFO=ltr-1_family-40#LTR_ERVK,3712479,3712480,NA;NOT_VALIDATED;SVTYPE=INS","GT:GQ:FL:SP:CLIP5:CLIP3","1/1:24:8:10:4:5","1-Jan","24","8",10,4,5,"MEINFO=ltr-1_family-40.LTR_ERVK","3712479","3712480","NA;NOT_VALIDATED;SVTYPE=INS","54","ltr-1_family-40","LTR",1,3539720
"679",24,"NC_044239.2",4093915,".","c","<INS:ME>","17",".","MEINFO=ltr-1_family-35#LTR_ERV1,4093915,4093916,NA;NOT_VALIDATED;SVTYPE=INS","GT:GQ:FL:SP:CLIP5:CLIP3","1/1:17:8:5:4:2","1-Jan","17","8",5,4,2,"MEINFO=ltr-1_family-35.LTR_ERV1","4093915","4093916","NA;NOT_VALIDATED;SVTYPE=INS","66","ltr-1_family-35","LTR",1,3539720
"680",1515,"NC_044239.2",1843049,".","C","<INS:ME>","35",".","MEINFO=rnd-5_family-7067#LTR_ERVK-unknown,1843049,1843050,NA;NOT_VALIDATED;SVTYPE=INS","GT:GQ:FL:SP:CLIP5:CLIP3","1/1:35:8:0:9:6","1-Jan","35","8",0,9,6,"MEINFO=rnd-5_family-7067.LTR_ERVK-unknown","1843049","1843050","NA;NOT_VALIDATED;SVTYPE=INS","73","rnd-5_family-7067","LTR",1,3539720
"681",1523,"NC_044239.2",4259007,".","t","<INS:ME>","24",".","MEINFO=rnd-4_family-1790#LTR_ERVL,4259007,4259008,NA;NOT_VALIDATED;SVTYPE=INS","GT:GQ:FL:SP:CLIP5:CLIP3","1/1:24:8:19:3:5","1-Jan","24","8",19,3,5,"MEINFO=rnd-4_family-1790.LTR_ERVL","4259007","4259008","NA;NOT_VALIDATED;SVTYPE=INS","73","rnd-4_family-1790","LTR",1,3539720
"682",13,"NC_044239.2",2241445,".","c","<INS:ME>","50",".","MEINFO=TEs-rnd-1_family-102#LTR_ERVL-hybrid,2241445,2241446,NA;NOT_VALIDATED;SVTYPE=INS","GT:GQ:FL:SP:CLIP5:CLIP3","1/1:50:8:0:11:14","1-Jan","50","8",0,11,14,"MEINFO=TEs-rnd-1_family-102.LTR_ERVL-hybrid","2241445","2241446","NA;NOT_VALIDATED;SVTYPE=INS","75","TEs-rnd-1_family-102","LTR",1,3539720
"683",1530,"NC_044239.2",4775420,".","g","<INS:ME>","22",".","MEINFO=rnd-1_family-60#LTR_ERVK,4775420,4775421,NA;NOT_VALIDATED;SVTYPE=INS","GT:GQ:FL:SP:CLIP5:CLIP3","1/1:22:8:2:1:4","1-Jan","22","8",2,1,4,"MEINFO=rnd-1_family-60.LTR_ERVK","4775420","4775421","NA;NOT_VALIDATED;SVTYPE=INS","76","rnd-1_family-60","LTR",1,3539720
"684",6,"NC_044240.2",2041667,".","G","<INS:ME>","29",".","MEINFO=TEs-rnd-5_family-2061#LTR_ERV1-hybrid,2041667,2041668,NA;NOT_VALIDATED;SVTYPE=INS","GT:GQ:FL:SP:CLIP5:CLIP3","1/1:29:8:0:2:7","1-Jan","29","8",0,2,7,"MEINFO=TEs-rnd-5_family-2061.LTR_ERV1-hybrid","2041667","2041668","NA;NOT_VALIDATED;SVTYPE=INS","20","TEs-rnd-5_family-2061","LTR",1,3828551
"685",1335,"NC_044240.2",2041636,".","c","<INS:ME>","32",".","MEINFO=TEs-rnd-5_family-2061#LTR_ERV1-hybrid,2041636,2041637,NA;NOT_VALIDATED;SVTYPE=INS","GT:GQ:FL:SP:CLIP5:CLIP3","1/1:32:8:0:2:9","1-Jan","32","8",0,2,9,"MEINFO=TEs-rnd-5_family-2061.LTR_ERV1-hybrid","2041636","2041637","NA;NOT_VALIDATED;SVTYPE=INS","24","TEs-rnd-5_family-2061","LTR",1,3828551
"686",6,"NC_044240.2",3452497,".","a","<INS:ME>","12",".","MEINFO=TEs-rnd-1_family-60#LTR_ERVK-hybrid,3452497,3452498,NA;NOT_VALIDATED;SVTYPE=INS","GT:GQ:FL:SP:CLIP5:CLIP3","1/1:12:8:13:0:2","1-Jan","12","8",13,0,2,"MEINFO=TEs-rnd-1_family-60.LTR_ERVK-hybrid","3452497","3452498","NA;NOT_VALIDATED;SVTYPE=INS","28","TEs-rnd-1_family-60","LTR",1,3828551
"687",226,"NC_044240.2",5817195,".","g","<INS:ME>","73",".","MEINFO=rnd-4_family-359#Unknown,5817195,5817196,NA;NOT_VALIDATED;SVTYPE=INS","GT:GQ:FL:SP:CLIP5:CLIP3","1/1:73:8:149:10:14","1-Jan","73","8",149,10,14,"MEINFO=rnd-4_family-359.Unknown","5817195","5817196","NA;NOT_VALIDATED;SVTYPE=INS","32","rnd-4_family-359","LTR",1,3828551
"688",5,"NC_044240.2",5817190,".","g","<INS:ME>","69",".","MEINFO=rnd-4_family-359#Unknown,5817190,5817191,NA;NOT_VALIDATED;SVTYPE=INS","GT:GQ:FL:SP:CLIP5:CLIP3","1/1:69:8:119:8:13","1-Jan","69","8",119,8,13,"MEINFO=rnd-4_family-359.Unknown","5817190","5817191","NA;NOT_VALIDATED;SVTYPE=INS","43","rnd-4_family-359","LTR",1,3828551
"689",2180,"NC_044240.2",2302799,".","a","<INS:ME>","47",".","MEINFO=ltr-1_family-41#LTR_ERVL,2302799,2302800,NA;NOT_VALIDATED;SVTYPE=INS","GT:GQ:FL:SP:CLIP5:CLIP3","1/1:47:8:4:3:26","1-Jan","47","8",4,3,26,"MEINFO=ltr-1_family-41.LTR_ERVL","2302799","2302800","NA;NOT_VALIDATED;SVTYPE=INS","54","ltr-1_family-41","LTR",1,3828551
"690",48,"NC_044240.2",2302735,".","G","<INS:ME>","32",".","MEINFO=ltr-1_family-42#LTR_ERV1,2302735,2302736,NA;NOT_VALIDATED;SVTYPE=INS","GT:GQ:FL:SP:CLIP5:CLIP3","1/1:32:8:15:8:5","1-Jan","32","8",15,8,5,"MEINFO=ltr-1_family-42.LTR_ERV1","2302735","2302736","NA;NOT_VALIDATED;SVTYPE=INS","57","ltr-1_family-42","LTR",1,3828551
"691",13,"NC_044240.2",4725797,".","A","<INS:ME>","41",".","MEINFO=rnd-4_family-793#LINE_CR1-ltr-1_family-85#LTR_ERVK-hybrid,4725797,4725798,NA;NOT_VALIDATED;SVTYPE=INS","GT:GQ:FL:SP:CLIP5:CLIP3","1/1:41:8:0:5:18","1-Jan","41","8",0,5,18,"MEINFO=rnd-4_family-793.LINE_CR1-ltr-1_family-85.LTR_ERVK-hybrid","4725797","4725798","NA;NOT_VALIDATED;SVTYPE=INS","58","rnd-4_family-793","LINE",1,3828551
"692",691,"NC_044240.2",5817183,".","t","<INS:ME>","80",".","MEINFO=rnd-4_family-359#Unknown,5817183,5817184,NA;NOT_VALIDATED;SVTYPE=INS","GT:GQ:FL:SP:CLIP5:CLIP3","1/1:80:8:192:7:20","1-Jan","80","8",192,7,20,"MEINFO=rnd-4_family-359.Unknown","5817183","5817184","NA;NOT_VALIDATED;SVTYPE=INS","62","rnd-4_family-359","LTR",1,3828551
"693",382,"NC_044240.2",2041669,".","A","<INS:ME>","40",".","MEINFO=TEs-rnd-5_family-2061#LTR_ERV1-hybrid,2041669,2041670,NA;NOT_VALIDATED;SVTYPE=INS","GT:GQ:FL:SP:CLIP5:CLIP3","1/1:40:8:0:11:9","1-Jan","40","8",0,11,9,"MEINFO=TEs-rnd-5_family-2061.LTR_ERV1-hybrid","2041669","2041670","NA;NOT_VALIDATED;SVTYPE=INS","64","TEs-rnd-5_family-2061","LTR",1,3828551
"694",1531,"NC_044240.2",1320235,".","g","<INS:ME>","23",".","MEINFO=rnd-1_family-60#LTR_ERVK,1320235,1320236,NA;NOT_VALIDATED;SVTYPE=INS","GT:GQ:FL:SP:CLIP5:CLIP3","1/1:23:8:2:0:2","1-Jan","23","8",2,0,2,"MEINFO=rnd-1_family-60.LTR_ERVK","1320235","1320236","NA;NOT_VALIDATED;SVTYPE=INS","76","rnd-1_family-60","LTR",1,3828551
"695",284,"NC_044240.2",5783441,".","C","<INS:ME>","41",".","MEINFO=rnd-1_family-11#Unknown,5783441,5783442,NA;NOT_VALIDATED;SVTYPE=INS","GT:GQ:FL:SP:CLIP5:CLIP3","1/1:41:8:69:14:2","1-Jan","41","8",69,14,2,"MEINFO=rnd-1_family-11.Unknown","5783441","5783442","NA;NOT_VALIDATED;SVTYPE=INS","82","rnd-1_family-11","Unknown",1,3828551
"696",286,"NC_044240.2",5817184,".","g","<INS:ME>","56",".","MEINFO=rnd-4_family-359#Unknown,5817184,5817185,NA;NOT_VALIDATED;SVTYPE=INS","GT:GQ:FL:SP:CLIP5:CLIP3","1/1:56:8:127:11:11","1-Jan","56","8",127,11,11,"MEINFO=rnd-4_family-359.Unknown","5817184","5817185","NA;NOT_VALIDATED;SVTYPE=INS","82","rnd-4_family-359","LTR",1,3828551
"697",2240,"NC_044242.2",848612,".","a","<INS:ME>","24",".","MEINFO=rnd-1_family-46#Unknown,848612,848613,NA;NOT_VALIDATED;SVTYPE=INS","GT:GQ:FL:SP:CLIP5:CLIP3","1/1:24:8:13:7:4","1-Jan","24","8",13,7,4,"MEINFO=rnd-1_family-46.Unknown","848612","848613","NA;NOT_VALIDATED;SVTYPE=INS","54","rnd-1_family-46","LTR",1,1452387
"698",1,"NC_044242.2",1907502,".","A","<INS:ME>","44",".","MEINFO=ltr-1_family-40#LTR_ERVK-TEs-hybrid,1907502,1907503,NA;NOT_VALIDATED;SVTYPE=INS","GT:GQ:FL:SP:CLIP5:CLIP3","1/1:44:8:15:17:9","1-Jan","44","8",15,17,9,"MEINFO=ltr-1_family-40.LTR_ERVK-TEs-hybrid","1907502","1907503","NA;NOT_VALIDATED;SVTYPE=INS","66","ltr-1_family-40","LTR",1,1452387
"699",2,"NC_054763.1",1271156,".","c","<INS:ME>","23",".","MEINFO=ltr-1_family-40#LTR_ERVK,1271156,1271157,NA;NOT_VALIDATED;SVTYPE=INS","GT:GQ:FL:SP:CLIP5:CLIP3","1/1:23:8:4:6:5","1-Jan","23","8",4,6,5,"MEINFO=ltr-1_family-40.LTR_ERVK","1271156","1271157","NA;NOT_VALIDATED;SVTYPE=INS","18","ltr-1_family-40","LTR",1,664641
"700",20,"NC_054766.1",1281636,".","G","<INS:ME>","109",".","MEINFO=TEs-rnd-4_family-1412#Unknown-hybrid,1281636,1281637,NA;NOT_VALIDATED;SVTYPE=INS","GT:GQ:FL:SP:CLIP5:CLIP3","1/1:109:8:0:17:20","1-Jan","109","8",0,17,20,"MEINFO=TEs-rnd-4_family-1412.Unknown-hybrid","1281636","1281637","NA;NOT_VALIDATED;SVTYPE=INS","18","TEs-rnd-4_family-1412","Unknown",1,547741
"701",28,"NC_054766.1",1281629,".","A","<INS:ME>","186",".","MEINFO=TEs-rnd-4_family-1412#Unknown-hybrid,1281629,1281630,NA;NOT_VALIDATED;SVTYPE=INS","GT:GQ:FL:SP:CLIP5:CLIP3","1/1:186:8:7:46:27","1-Jan","186","8",7,46,27,"MEINFO=TEs-rnd-4_family-1412.Unknown-hybrid","1281629","1281630","NA;NOT_VALIDATED;SVTYPE=INS","40","TEs-rnd-4_family-1412","Unknown",1,547741
"702",5,"NC_054769.1",404786,".","g","<INS:ME>","555",".","MEINFO=rnd-5_family-6795#Unknown-TEs-hybrid,404786,404787,NA;NOT_VALIDATED;SVTYPE=INS","GT:GQ:FL:SP:CLIP5:CLIP3","1/1:555:8:45:258:270","1-Jan","555","8",45,258,270,"MEINFO=rnd-5_family-6795.Unknown-TEs-hybrid","404786","404787","NA;NOT_VALIDATED;SVTYPE=INS","25","rnd-5_family-6795","Unknown",1,661913
"703",12,"NC_054769.1",404556,".","t","<INS:ME>","1910",".","MEINFO=rnd-5_family-6795#Unknown-rnd-5_family-791#Unknown-hybrid,404556,404557,NA;NOT_VALIDATED;SVTYPE=INS","GT:GQ:FL:SP:CLIP5:CLIP3","1/1:1910:8:321:935:930","1-Jan","1910","8",321,935,930,"MEINFO=rnd-5_family-6795.Unknown-rnd-5_family-791.Unknown-hybrid","404556","404557","NA;NOT_VALIDATED;SVTYPE=INS","85","rnd-5_family-6795","Unknown",1,661913
"704",22,"NC_044241.2",28018994,".","g","<INS:ME>","610",".","MEINFO=rnd-4_family-359#Unknown-unknown,28018994,28018995,NA;NOT_VALIDATED;SVTYPE=INS","GT:GQ:FL:SP:CLIP5:CLIP3","1/1:610:8:17:273:88","1-Jan","610","8",17,273,88,"MEINFO=rnd-4_family-359.Unknown-unknown","28018994","28018995","NA;NOT_VALIDATED;SVTYPE=INS","18","rnd-4_family-359","LTR",1,47969115
"705",3,"NC_044241.2",18478684,".","T","<INS:ME>","52",".","MEINFO=ltr-1_family-80#LTR_Unknown-ltr-1_family-8#LTR_Unknown-hybrid,18478684,18478685,NA;NOT_VALIDATED;SVTYPE=INS","GT:GQ:FL:SP:CLIP5:CLIP3","1/1:52:8:5:1:1","1-Jan","52","8",5,1,1,"MEINFO=ltr-1_family-80.LTR_Unknown-ltr-1_family-8.LTR_Unknown-hybrid","18478684","18478685","NA;NOT_VALIDATED;SVTYPE=INS","20","ltr-1_family-80","Unknown",1,47969115
"706",18,"NC_044241.2",73642517,".","g","<INS:ME>","43",".","MEINFO=rnd-1_family-68#Unknown,73642517,73642518,NA;NOT_VALIDATED;SVTYPE=INS","GT:GQ:FL:SP:CLIP5:CLIP3","1/1:43:8:8:9:11","1-Jan","43","8",8,9,11,"MEINFO=rnd-1_family-68.Unknown","73642517","73642518","NA;NOT_VALIDATED;SVTYPE=INS","24","rnd-1_family-68","DNA",1,47969115
"707",1341,"NC_044241.2",1511186,".","c","<INS:ME>","24",".","MEINFO=rnd-1_family-95#LINE_CR1,1511186,1511187,NA;NOT_VALIDATED;SVTYPE=INS","GT:GQ:FL:SP:CLIP5:CLIP3","1/1:24:8:22:6:5","1-Jan","24","8",22,6,5,"MEINFO=rnd-1_family-95.LINE_CR1","1511186","1511187","NA;NOT_VALIDATED;SVTYPE=INS","24","rnd-1_family-95","LINE",1,47969115
"708",689,"NC_044241.2",58177186,".","C","<INS:ME>","226",".","MEINFO=TEs-rnd-4_family-359#Unknown-hybrid,58177186,58177187,NA;NOT_VALIDATED;SVTYPE=INS","GT:GQ:FL:SP:CLIP5:CLIP3","1/1:226:8:10:21:63","1-Jan","226","8",10,21,63,"MEINFO=TEs-rnd-4_family-359.Unknown-hybrid","58177186","58177187","NA;NOT_VALIDATED;SVTYPE=INS","27","TEs-rnd-4_family-359","LTR",1,47969115
"709",10,"NC_044241.2",18466111,".","C","<INS:ME>","120",".","MEINFO=rnd-5_family-26120#Unknown,18466111,18466112,NA;NOT_VALIDATED;SVTYPE=INS","GT:GQ:FL:SP:CLIP5:CLIP3","1/1:120:8:13:20:57","1-Jan","120","8",13,20,57,"MEINFO=rnd-5_family-26120.Unknown","18466111","18466112","NA;NOT_VALIDATED;SVTYPE=INS","28","rnd-5_family-26120","LINE",1,47969115
"710",12,"NC_044241.2",17746624,".","A","<INS:ME>","92",".","MEINFO=ltr-1_family-97#LINE_CR1,17746624,17746625,NA;NOT_VALIDATED;SVTYPE=INS","GT:GQ:FL:SP:CLIP5:CLIP3","1/1:92:8:19:17:3","1-Jan","92","8",19,17,3,"MEINFO=ltr-1_family-97.LINE_CR1","17746624","17746625","NA;NOT_VALIDATED;SVTYPE=INS","28","ltr-1_family-97","LINE",1,47969115
"711",1,"NC_044241.2",18478683,".","G","<INS:ME>","35",".","MEINFO=ltr-1_family-80#LTR_Unknown-rnd-5_family-12348#Unknown-hybrid,18478683,18478684,NA;NOT_VALIDATED;SVTYPE=INS","GT:GQ:FL:SP:CLIP5:CLIP3","1/1:35:8:14:2:5","1-Jan","35","8",14,2,5,"MEINFO=ltr-1_family-80.LTR_Unknown-rnd-5_family-12348.Unknown-hybrid","18478683","18478684","NA;NOT_VALIDATED;SVTYPE=INS","32","ltr-1_family-80","Unknown",1,47969115
"712",890,"NC_044241.2",18466100,".","G","<INS:ME>","50",".","MEINFO=rnd-5_family-26120#Unknown,18466100,18466101,NA;NOT_VALIDATED;SVTYPE=INS","GT:GQ:FL:SP:CLIP5:CLIP3","1/1:50:8:7:12:22","1-Jan","50","8",7,12,22,"MEINFO=rnd-5_family-26120.Unknown","18466100","18466101","NA;NOT_VALIDATED;SVTYPE=INS","33","rnd-5_family-26120","LINE",1,47969115
"713",906,"NC_044241.2",63363642,".","C","<INS:ME>","19",".","MEINFO=rnd-4_family-571#LTR_ERVK,63363642,63363643,NA;NOT_VALIDATED;SVTYPE=INS","GT:GQ:FL:SP:CLIP5:CLIP3","1/1:19:8:7:1:3","1-Jan","19","8",7,1,3,"MEINFO=rnd-4_family-571.LTR_ERVK","63363642","63363643","NA;NOT_VALIDATED;SVTYPE=INS","33","rnd-4_family-571","LTR",1,47969115
"714",4,"NC_044241.2",18466049,".","G","<INS:ME>","17",".","MEINFO=rnd-5_family-26120#Unknown,18466049,18466050,NA;NOT_VALIDATED;SVTYPE=INS","GT:GQ:FL:SP:CLIP5:CLIP3","1/1:17:8:5:1:3","1-Jan","17","8",5,1,3,"MEINFO=rnd-5_family-26120.Unknown","18466049","18466050","NA;NOT_VALIDATED;SVTYPE=INS","34","rnd-5_family-26120","LINE",1,47969115
"715",1,"NC_044241.2",13451321,".","T","<INS:ME>","48",".","MEINFO=ltr-1_family-20#LTR_Unknown,13451321,13451322,NA;NOT_VALIDATED;SVTYPE=INS","GT:GQ:FL:SP:CLIP5:CLIP3","1/1:48:8:6:16:20","1-Jan","48","8",6,16,20,"MEINFO=ltr-1_family-20.LTR_Unknown","13451321","13451322","NA;NOT_VALIDATED;SVTYPE=INS","40","ltr-1_family-20","Unknown",1,47969115
"716",10,"NC_044241.2",71832892,".","g","<INS:ME>","14",".","MEINFO=rnd-1_family-68#Unknown,71832892,71832893,NA;NOT_VALIDATED;SVTYPE=INS","GT:GQ:FL:SP:CLIP5:CLIP3","1/1:14:8:7:0:3","1-Jan","14","8",7,0,3,"MEINFO=rnd-1_family-68.Unknown","71832892","71832893","NA;NOT_VALIDATED;SVTYPE=INS","40","rnd-1_family-68","DNA",1,47969115
"717",11,"NC_044241.2",36706531,".","c","<INS:ME>","23",".","MEINFO=ltr-1_family-22#LTR_ERVK-TEs-hybrid,36706531,36706532,NA;NOT_VALIDATED;SVTYPE=INS","GT:GQ:FL:SP:CLIP5:CLIP3","1/1:23:8:18:2:2","1-Jan","23","8",18,2,2,"MEINFO=ltr-1_family-22.LTR_ERVK-TEs-hybrid","36706531","36706532","NA;NOT_VALIDATED;SVTYPE=INS","40","ltr-1_family-22","LTR",1,47969115
"718",317,"NC_044241.2",23049127,".","A","<INS:ME>","67",".","MEINFO=rnd-1_family-0#LINE_CR1,23049127,23049128,NA;NOT_VALIDATED;SVTYPE=INS","GT:GQ:FL:SP:CLIP5:CLIP3","1/1:67:8:224:1:27","1-Jan","67","8",224,1,27,"MEINFO=rnd-1_family-0.LINE_CR1","23049127","23049128","NA;NOT_VALIDATED;SVTYPE=INS","43","rnd-1_family-0","LINE",1,47969115
"719",1176,"NC_044241.2",18487246,".","G","<INS:ME>","278",".","MEINFO=ltr-1_family-9#LTR_ERVK-rnd-4_family-284#Unknown-hybrid,18487246,18487247,NA;NOT_VALIDATED;SVTYPE=INS","GT:GQ:FL:SP:CLIP5:CLIP3","1/1:278:8:3:55:88","1-Jan","278","8",3,55,88,"MEINFO=ltr-1_family-9.LTR_ERVK-rnd-4_family-284.Unknown-hybrid","18487246","18487247","NA;NOT_VALIDATED;SVTYPE=INS","44","ltr-1_family-9","Unknown",1,47969115
"720",1184,"NC_044241.2",28018994,".","g","<INS:ME>","643",".","MEINFO=rnd-4_family-359#Unknown-unknown,28018994,28018995,NA;NOT_VALIDATED;SVTYPE=INS","GT:GQ:FL:SP:CLIP5:CLIP3","1/1:643:8:13:267:86","1-Jan","643","8",13,267,86,"MEINFO=rnd-4_family-359.Unknown-unknown","28018994","28018995","NA;NOT_VALIDATED;SVTYPE=INS","44","rnd-4_family-359","LTR",1,47969115
"721",270,"NC_044241.2",28018994,".","g","<INS:ME>","642",".","MEINFO=rnd-4_family-359#Unknown-unknown,28018994,28018995,NA;NOT_VALIDATED;SVTYPE=INS","GT:GQ:FL:SP:CLIP5:CLIP3","1/1:642:8:22:303:69","1-Jan","642","8",22,303,69,"MEINFO=rnd-4_family-359.Unknown-unknown","28018994","28018995","NA;NOT_VALIDATED;SVTYPE=INS","45","rnd-4_family-359","LTR",1,47969115
"722",8,"NC_044241.2",58096979,".","a","<INS:ME>","89",".","MEINFO=ltr-1_family-42#LTR_ERV1,58096979,58096980,NA;NOT_VALIDATED;SVTYPE=INS","GT:GQ:FL:SP:CLIP5:CLIP3","1/1:89:8:73:6:13","1-Jan","89","8",73,6,13,"MEINFO=ltr-1_family-42.LTR_ERV1","58096979","58096980","NA;NOT_VALIDATED;SVTYPE=INS","46","ltr-1_family-42","LTR",1,47969115
"723",6,"NC_044241.2",1295744,".","g","<INS:ME>","18",".","MEINFO=rnd-1_family-0#LINE_CR1,1295744,1295745,NA;NOT_VALIDATED;SVTYPE=INS","GT:GQ:FL:SP:CLIP5:CLIP3","1/1:18:8:5:2:0","1-Jan","18","8",5,2,0,"MEINFO=rnd-1_family-0.LINE_CR1","1295744","1295745","NA;NOT_VALIDATED;SVTYPE=INS","54","rnd-1_family-0","LINE",1,47969115
"724",2195,"NC_044241.2",930326,".","g","<INS:ME>","20",".","MEINFO=rnd-1_family-95#LINE_CR1,930326,930327,NA;NOT_VALIDATED;SVTYPE=INS","GT:GQ:FL:SP:CLIP5:CLIP3","1/1:20:8:3:3:4","1-Jan","20","8",3,3,4,"MEINFO=rnd-1_family-95.LINE_CR1","930326","930327","NA;NOT_VALIDATED;SVTYPE=INS","54","rnd-1_family-95","LINE",1,47969115
"725",2218,"NC_044241.2",71803953,".","C","<INS:ME>","36",".","MEINFO=TEs-rnd-5_family-10533#Unknown-hybrid,71803953,71803954,NA;NOT_VALIDATED;SVTYPE=INS","GT:GQ:FL:SP:CLIP5:CLIP3","1/1:36:8:16:17:7","1-Jan","36","8",16,17,7,"MEINFO=TEs-rnd-5_family-10533.Unknown-hybrid","71803953","71803954","NA;NOT_VALIDATED;SVTYPE=INS","54","TEs-rnd-5_family-10533","LTR",1,47969115
"726",8,"NC_044241.2",28665695,".","a","<INS:ME>","196",".","MEINFO=ltr-1_family-95#LTR_ERVK,28665695,28665696,NA;NOT_VALIDATED;SVTYPE=INS","GT:GQ:FL:SP:CLIP5:CLIP3","1/1:196:8:39:39:69","1-Jan","196","8",39,39,69,"MEINFO=ltr-1_family-95.LTR_ERVK","28665695","28665696","NA;NOT_VALIDATED;SVTYPE=INS","55","ltr-1_family-95","LTR",1,47969115
"727",28,"NC_044241.2",28665691,".","a","<INS:ME>","292",".","MEINFO=ltr-1_family-101#LTR_ERV,28665691,28665692,NA;NOT_VALIDATED;SVTYPE=INS","GT:GQ:FL:SP:CLIP5:CLIP3","1/1:292:8:55:54:83","1-Jan","292","8",55,54,83,"MEINFO=ltr-1_family-101.LTR_ERV","28665691","28665692","NA;NOT_VALIDATED;SVTYPE=INS","56","ltr-1_family-101","LTR",1,47969115
"728",16,"NC_044241.2",35164193,".","C","<INS:ME>","39",".","MEINFO=rnd-5_family-4653#LINE_CR1-TEs-hybrid,35164193,35164194,NA;NOT_VALIDATED;SVTYPE=INS","GT:GQ:FL:SP:CLIP5:CLIP3","1/1:39:8:0:6:7","1-Jan","39","8",0,6,7,"MEINFO=rnd-5_family-4653.LINE_CR1-TEs-hybrid","35164193","35164194","NA;NOT_VALIDATED;SVTYPE=INS","58","rnd-5_family-4653","LINE",1,47969115
"729",22,"NC_044241.2",28018991,".","g","<INS:ME>","783",".","MEINFO=rnd-4_family-359#Unknown-unknown,28018991,28018992,NA;NOT_VALIDATED;SVTYPE=INS","GT:GQ:FL:SP:CLIP5:CLIP3","1/1:783:8:19:329:112","1-Jan","783","8",19,329,112,"MEINFO=rnd-4_family-359.Unknown-unknown","28018991","28018992","NA;NOT_VALIDATED;SVTYPE=INS","58","rnd-4_family-359","LTR",1,47969115
"730",23,"NC_044241.2",58131301,".","A","<INS:ME>","141",".","MEINFO=rnd-5_family-20012#LINE_CR1-unknown,58131301,58131302,NA;NOT_VALIDATED;SVTYPE=INS","GT:GQ:FL:SP:CLIP5:CLIP3","1/1:141:8:24:11:29","1-Jan","141","8",24,11,29,"MEINFO=rnd-5_family-20012.LINE_CR1-unknown","58131301","58131302","NA;NOT_VALIDATED;SVTYPE=INS","58","rnd-5_family-20012","LINE",1,47969115
"731",1004,"NC_044241.2",848576,".","g","<INS:ME>","32",".","MEINFO=ltr-1_family-40#LTR_ERVK-ltr-1_family-79#LTR_ERVK-hybrid,848576,848577,NA;NOT_VALIDATED;SVTYPE=INS","GT:GQ:FL:SP:CLIP5:CLIP3","1/1:32:8:2:4:9","1-Jan","32","8",2,4,9,"MEINFO=ltr-1_family-40.LTR_ERVK-ltr-1_family-79.LTR_ERVK-hybrid","848576","848577","NA;NOT_VALIDATED;SVTYPE=INS","59","ltr-1_family-40","LTR",1,47969115
"732",1012,"NC_044241.2",28018993,".","t","<INS:ME>","918",".","MEINFO=rnd-4_family-359#Unknown-unknown,28018993,28018994,NA;NOT_VALIDATED;SVTYPE=INS","GT:GQ:FL:SP:CLIP5:CLIP3","1/1:918:8:28:339:132","1-Jan","918","8",28,339,132,"MEINFO=rnd-4_family-359.Unknown-unknown","28018993","28018994","NA;NOT_VALIDATED;SVTYPE=INS","59","rnd-4_family-359","LTR",1,47969115
"733",16,"NC_044241.2",58139263,".","A","<INS:ME>","237",".","MEINFO=rnd-5_family-20012#LINE_CR1,58139263,58139264,NA;NOT_VALIDATED;SVTYPE=INS","GT:GQ:FL:SP:CLIP5:CLIP3","1/1:237:8:121:59:37","1-Jan","237","8",121,59,37,"MEINFO=rnd-5_family-20012.LINE_CR1","58139263","58139264","NA;NOT_VALIDATED;SVTYPE=INS","62","rnd-5_family-20012","LINE",1,47969115
"734",694,"NC_044241.2",28665692,".","a","<INS:ME>","275",".","MEINFO=ltr-1_family-101#LTR_ERV,28665692,28665693,NA;NOT_VALIDATED;SVTYPE=INS","GT:GQ:FL:SP:CLIP5:CLIP3","1/1:275:8:42:49:76","1-Jan","275","8",42,49,76,"MEINFO=ltr-1_family-101.LTR_ERV","28665692","28665693","NA;NOT_VALIDATED;SVTYPE=INS","62","ltr-1_family-101","LTR",1,47969115
"735",3,"NC_044241.2",73268385,".","a","<INS:ME>","20",".","MEINFO=rnd-5_family-12866#Unknown,73268385,73268386,NA;NOT_VALIDATED;SVTYPE=INS","GT:GQ:FL:SP:CLIP5:CLIP3","1/1:20:8:1:1:5","1-Jan","20","8",1,1,5,"MEINFO=rnd-5_family-12866.Unknown","73268385","73268386","NA;NOT_VALIDATED;SVTYPE=INS","63","rnd-5_family-12866","LTR",1,47969115
"736",4,"NC_044241.2",2279926,".","g","<INS:ME>","15",".","MEINFO=rnd-1_family-95#LINE_CR1,2279926,2279927,NA;NOT_VALIDATED;SVTYPE=INS","GT:GQ:FL:SP:CLIP5:CLIP3","1/1:15:8:9:3:0","1-Jan","15","8",9,3,0,"MEINFO=rnd-1_family-95.LINE_CR1","2279926","2279927","NA;NOT_VALIDATED;SVTYPE=INS","63","rnd-1_family-95","LINE",1,47969115
"737",462,"NC_044241.2",28665253,".","A","<INS:ME>","192",".","MEINFO=ltr-1_family-95#LTR_ERVK,28665253,28665254,NA;NOT_VALIDATED;SVTYPE=INS","GT:GQ:FL:SP:CLIP5:CLIP3","1/1:192:8:72:28:44","1-Jan","192","8",72,28,44,"MEINFO=ltr-1_family-95.LTR_ERVK","28665253","28665254","NA;NOT_VALIDATED;SVTYPE=INS","63","ltr-1_family-95","LTR",1,47969115
"738",465,"NC_044241.2",73504074,".","a","<INS:ME>","15",".","MEINFO=ltr-1_family-35#LTR_ERV1,73504074,73504075,NA;NOT_VALIDATED;SVTYPE=INS","GT:GQ:FL:SP:CLIP5:CLIP3","1/1:15:8:6:0:0","1-Jan","15","8",6,0,0,"MEINFO=ltr-1_family-35.LTR_ERV1","73504074","73504075","NA;NOT_VALIDATED;SVTYPE=INS","63","ltr-1_family-35","LTR",1,47969115
"739",11,"NC_044241.2",28018994,".","g","<INS:ME>","564",".","MEINFO=rnd-4_family-359#Unknown-unknown,28018994,28018995,NA;NOT_VALIDATED;SVTYPE=INS","GT:GQ:FL:SP:CLIP5:CLIP3","1/1:564:8:21:223:100","1-Jan","564","8",21,223,100,"MEINFO=rnd-4_family-359.Unknown-unknown","28018994","28018995","NA;NOT_VALIDATED;SVTYPE=INS","66","rnd-4_family-359","LTR",1,47969115
"740",1482,"NC_044241.2",28665247,".","T","<INS:ME>","140",".","MEINFO=ltr-1_family-95#LTR_ERVK,28665247,28665248,NA;NOT_VALIDATED;SVTYPE=INS","GT:GQ:FL:SP:CLIP5:CLIP3","1/1:140:8:132:26:31","1-Jan","140","8",132,26,31,"MEINFO=ltr-1_family-95.LTR_ERVK","28665247","28665248","NA;NOT_VALIDATED;SVTYPE=INS","73","ltr-1_family-95","LTR",1,47969115
"741",1492,"NC_044241.2",18478685,".","G","<INS:ME>","70",".","MEINFO=ltr-1_family-80#LTR_Unknown-ltr-1_family-8#LTR_Unknown-hybrid,18478685,18478686,NA;NOT_VALIDATED;SVTYPE=INS","GT:GQ:FL:SP:CLIP5:CLIP3","1/1:70:8:11:4:3","1-Jan","70","8",11,4,3,"MEINFO=ltr-1_family-80.LTR_Unknown-ltr-1_family-8.LTR_Unknown-hybrid","18478685","18478686","NA;NOT_VALIDATED;SVTYPE=INS","73","ltr-1_family-80","Unknown",1,47969115
"742",1514,"NC_044241.2",28018994,".","g","<INS:ME>","593",".","MEINFO=rnd-4_family-359#Unknown-unknown,28018994,28018995,NA;NOT_VALIDATED;SVTYPE=INS","GT:GQ:FL:SP:CLIP5:CLIP3","1/1:593:8:20:235:72","1-Jan","593","8",20,235,72,"MEINFO=rnd-4_family-359.Unknown-unknown","28018994","28018995","NA;NOT_VALIDATED;SVTYPE=INS","73","rnd-4_family-359","LTR",1,47969115
"743",21,"NC_044241.2",28665695,".","a","<INS:ME>","250",".","MEINFO=ltr-1_family-101#LTR_ERV,28665695,28665696,NA;NOT_VALIDATED;SVTYPE=INS","GT:GQ:FL:SP:CLIP5:CLIP3","1/1:250:8:39:48:92","1-Jan","250","8",39,48,92,"MEINFO=ltr-1_family-101.LTR_ERV","28665695","28665696","NA;NOT_VALIDATED;SVTYPE=INS","74","ltr-1_family-101","LTR",1,47969115
"744",1174,"NC_044241.2",23049339,".","G","<INS:ME>","44",".","MEINFO=rnd-1_family-0#LINE_CR1,23049339,23049340,NA;NOT_VALIDATED;SVTYPE=INS","GT:GQ:FL:SP:CLIP5:CLIP3","1/1:44:8:141:1:2","1-Jan","44","8",141,1,2,"MEINFO=rnd-1_family-0.LINE_CR1","23049339","23049340","NA;NOT_VALIDATED;SVTYPE=INS","75","rnd-1_family-0","LINE",1,47969115
"745",1553,"NC_044241.2",28665346,".","A","<INS:ME>","183",".","MEINFO=ltr-1_family-95#LTR_ERVK,28665346,28665347,NA;NOT_VALIDATED;SVTYPE=INS","GT:GQ:FL:SP:CLIP5:CLIP3","1/1:183:8:80:32:64","1-Jan","183","8",80,32,64,"MEINFO=ltr-1_family-95.LTR_ERVK","28665346","28665347","NA;NOT_VALIDATED;SVTYPE=INS","76","ltr-1_family-95","LTR",1,47969115
"746",1174,"NC_044241.2",18478662,".","G","<INS:ME>","78",".","MEINFO=ltr-1_family-80#LTR_Unknown-ltr-1_family-8#LTR_Unknown-hybrid,18478662,18478663,NA;NOT_VALIDATED;SVTYPE=INS","GT:GQ:FL:SP:CLIP5:CLIP3","1/1:78:8:24:7:17","1-Jan","78","8",24,7,17,"MEINFO=ltr-1_family-80.LTR_Unknown-ltr-1_family-8.LTR_Unknown-hybrid","18478662","18478663","NA;NOT_VALIDATED;SVTYPE=INS","78","ltr-1_family-80","Unknown",1,47969115
"747",1188,"NC_044241.2",28018993,".","t","<INS:ME>","836",".","MEINFO=rnd-4_family-359#Unknown-unknown,28018993,28018994,NA;NOT_VALIDATED;SVTYPE=INS","GT:GQ:FL:SP:CLIP5:CLIP3","1/1:836:8:34:343:106","1-Jan","836","8",34,343,106,"MEINFO=rnd-4_family-359.Unknown-unknown","28018993","28018994","NA;NOT_VALIDATED;SVTYPE=INS","78","rnd-4_family-359","LTR",1,47969115
"748",705,"NC_044241.2",28018994,".","g","<INS:ME>","553",".","MEINFO=rnd-4_family-359#Unknown-unknown,28018994,28018995,NA;NOT_VALIDATED;SVTYPE=INS","GT:GQ:FL:SP:CLIP5:CLIP3","1/1:553:8:17:238:74","1-Jan","553","8",17,238,74,"MEINFO=rnd-4_family-359.Unknown-unknown","28018994","28018995","NA;NOT_VALIDATED;SVTYPE=INS","84","rnd-4_family-359","LTR",1,47969115
"749",711,"NC_044241.2",23049346,".","T","<INS:ME>","47",".","MEINFO=rnd-1_family-0#LINE_CR1,23049346,23049347,NA;NOT_VALIDATED;SVTYPE=INS","GT:GQ:FL:SP:CLIP5:CLIP3","1/1:47:8:99:1:1","1-Jan","47","8",99,1,1,"MEINFO=rnd-1_family-0.LINE_CR1","23049346","23049347","NA;NOT_VALIDATED;SVTYPE=INS","84","rnd-1_family-0","LINE",1,47969115
